stop_key,ggb_id,seb_id,ggb_name,seb_name,dist_m,ggb_ars,seb_ars,sgg_nm,names_compatible,decision
112000097,GGB112000097,SEB112000097,DMC.파크뷰자이,DMC파크뷰자이,274.6,13180,13180,서대문구,1,merged_far
207000420,GGB207000420,SEB207000420,송산초교.상가단지,송산초교.상가단지,253.3,08397,08397,의정부시,1,merged_far
122000094,GGB122000094,SEB122000094,삼성역7번출구,삼성역7번출구,223.7,23197,23197,강남구,1,merged_far
114000217,GGB114000217,SEB114000217,신정숲속마을아파트,신정숲속마을아파트,207.2,15321,15321,양천구,1,merged_far
113000428,GGB113000428,SEB113000428,난지한강공원,난지한강공원,206.6,14331,14331,마포구,1,merged_far
122000232,GGB122000232,SEB122000232,개포1단지,개현초등학교,197.5,23336,23336,강남구,0,split
110000655,GGB110000655,SEB110000655,불암산역,불암산역,196.2,11664,11664,노원구,1,merged_far
123000318,GGB123000318,SEB123000318,오륜사거리,오륜사거리,193.3,24409,24409,송파구,1,merged_far
122000743,GGB122000743,SEB122000743,LH수서아파트,LH수서아파트,190.0,23440,23440,강남구,1,merged_far
123000037,GGB123000037,SEB123000037,잠실진주아파트,잠실래미안아이파크.잠실파크리오,186.8,24126,24126,송파구,0,split
104000050,GGB104000050,SEB104000050,어린이회관,어린이회관,182.1,05143,05143,광진구,1,merged_far
122000231,GGB122000231,SEB122000231,개포고등학교앞,개포1동주민센터.개포고등학교,180.0,23335,23335,강남구,0,split
106000462,GGB106000462,SEB106000462,당너머,당너머,176.2,07450,07450,중랑구,1,merged_far
102000091,GGB102000091,SEB102000091,전쟁기념관,전쟁기념관,173.2,03185,03185,용산구,1,merged_far
121000938,GGB121000938,SEB121000938,반포한강공원.세빛섬,반포한강공원.세빛섬,169.4,22405,22405,서초구,1,merged_far
110000646,GGB110000646,SEB110000646,상계3.4동주민센터,상계3.4동주민센터,161.0,11994,11994,노원구,1,merged_far
104000081,GGB104000081,SEB104000081,워커힐입구,워커힐입구,159.6,05174,05174,광진구,1,merged_far
220000028,GGB220000028,SEB220000028,과천지식정보타운,과천푸르지오라비엔오,156.4,21002,37013,과천시,0,split
121000119,GGB121000119,SEB121000119,사평역,사평역,151.5,22195,22195,서초구,1,merged_far
111000261,GGB111000261,SEB111000261,제각말5단지.은평뉴타운도서관,제각말5단지.은평뉴타운도서관,149.1,12351,12351,은평구,1,merged_far
124000137,GGB124000137,SEB124000137,한국전력공사강동송파지사,한국전력공사강동송파지사,145.8,25248,25248,강동구,1,merged_far
105000006,GGB105000006,SEB105000006,동대문구청(중),동대문구청,145.1,06006,06006,동대문구,1,merged_far
111000342,GGB111000342,SEB111000342,하나고.삼천사.진관사입구,하나고.삼천사.진관사입구,143.4,12437,12437,은평구,1,merged_far
118000085,GGB118000085,SEB118000085,영등포구민회관.영등포경찰서,영등포구민회관.영등포경찰서,140.0,19170,19170,영등포구,1,merged_far
121900325,GGB121900325,SEB121900325,본마을노인복지센터,본마을노인복지센터,136.2,22927,22927,서초구,1,merged_far
115000314,GGB115000314,SEB115000314,마곡엠밸리15단지아파트,마곡엠밸리15단지아파트,133.1,16428,16428,강서구,1,merged_far
121900326,GGB121900326,SEB121900326,본마을노인복지센터,본마을노인복지센터,132.7,22926,22926,서초구,1,merged_far
124000367,GGB124000367,SEB124000367,강일역.고덕리엔파크3단지.2단지,강일역.고덕리엔파크3단지.2단지,128.6,25343,25343,강동구,1,merged_far
100000031,GGB100000031,SEB100000031,세종문화회관,세종문화회관,124.2,01126,01126,종로구,1,merged_far
110000248,GGB110000248,SEB110000248,은행사거리,은행사거리,122.6,11349,11349,노원구,1,merged_far
115000313,GGB115000313,SEB115000313,마곡엠밸리14단지아파트,마곡엠밸리14단지아파트,119.3,16427,16427,강서구,1,merged_far
116000621,GGB116000621,SEB116000621,쌍용구로정비사업소,구로2동성당,119.1,17222,17222,구로구,0,split
213000179,GGB213000179,SEB213000179,철산두산위브아파트,철산두산위브아파트,117.5,14100,38078,광명시,1,merged_far
111000004,GGB111000004,SEB111000004,수색교(중),수색교,116.5,12004,12004,은평구,1,merged_far
112000106,GGB112000106,SEB112000106,DMC파크뷰자이.별동상가,DMC파크뷰자이.별동상가,114.2,13189,13189,서대문구,1,merged_far
124000134,GGB124000134,SEB124000134,동명약국앞,동명약국앞,113.8,25245,25245,강동구,1,merged_far
122000072,GGB122000072,SEB122000072,청담동성당,청담동성당,113.1,23174,23174,강남구,1,merged_far
122000281,GGB122000281,SEB122000281,수서119안전센터앞,수서119안전센터앞,111.9,23385,23385,강남구,1,merged_far
124000032,GGB124000032,SEB124000032,상일동역6번출구.고덕아르테온,상일동역6번출구.고덕아르테온,110.7,25132,25132,강동구,1,merged_far
113000016,GGB113000016,SEB113000016,월드컵경기장서측.문화비축기지,월드컵경기장서측.문화비축기지,107.6,14106,14106,마포구,1,merged_far
115000303,GGB115000303,SEB115000303,마곡수명산파크5단지6단지,마곡수명산파크5단지6단지,104.9,16417,16417,강서구,1,merged_far
123000123,GGB123000123,SEB123000123,송파나루역.방이시장,송파나루역.방이전통시장서문,104.7,24212,24212,송파구,0,split
121001346,GGB121001346,SEB121001346,반포3동주민센터.청담고등학교,반포3동주민센터.청담고등학교,104.2,,22209,서초구,1,merged_far
114000225,GGB114000225,SEB114000225,금실어린이공원,금실어린이공원,103.4,15329,15329,양천구,1,merged_far
122000148,GGB122000148,SEB122000148,한국무역센터.삼성역,한국무역센터.삼성역,101.7,23251,23251,강남구,1,merged_far
110000273,GGB110000273,SEB110000273,서울시립북서울미술관,서울시립북서울미술관,101.4,11374,11374,노원구,1,merged_far
101000047,GGB101000047,SEB101000047,남대문시장.회현역,남대문시장.회현역,99.9,02146,02146,중구,1,merged_far
124000184,GGB124000184,SEB124000184,상일동동아아파트,상일동동아아파트,99.3,25296,25296,강동구,1,merged_far
104000080,GGB104000080,SEB104000080,워커힐아파트앞,워커힐아파트앞,99.0,05173,05173,광진구,1,merged_far
122000142,GGB122000142,SEB122000142,휘문고교사거리,휘문고교사거리,97.4,23245,23245,강남구,1,merged_far
118000198,GGB118000198,SEB118000198,유진투자증권,유진투자증권,97.3,19283,19283,영등포구,1,merged_far
111000552,GGB111000552,SEB111000552,하나고.삼천사.진관사입구,하나고.삼천사.진관사입구,95.1,12464,12464,은평구,1,merged_far
123000680,GGB123000680,SEB123000680,포레나송파후문,포레나송파후문,94.0,24198,24198,송파구,1,merged_far
121900131,GGB121900131,SEB121900131,언남고,언남고,93.8,22889,22889,서초구,1,merged_far
116000404,GGB116000404,SEB116000404,개봉교,개봉교,93.2,17879,17879,구로구,1,merged_far
124000190,GGB124000190,SEB124000190,중앙보훈병원역1번출구,중앙보훈병원역1번출구,92.0,25302,25302,강동구,1,merged_far
121000096,GGB121000096,SEB121000096,신논현역.구교보타워사거리,신논현역7번출구.교보타워사거리,90.4,22172,22172,서초구,0,split
100000396,GGB100000396,SEB100000396,종로6가.동대문종합시장(중),종로6가.동대문종합시장,89.3,01021,01021,종로구,1,merged_far
114000237,GGB114000237,SEB114000237,가로공원공영주차장,가로공원공영주차장,89.2,15341,15341,양천구,1,merged_far
116900162,GGB116900162,SEB116900162,남부주유소,남부주유소,89.0,17908,17908,구로구,1,merged_far
102000248,GGB102000248,SEB102000248,노들섬,노들섬,88.8,03341,03341,용산구,1,merged_far
121900320,GGB121900320,SEB121900320,청계산입구역,청계산입구역,88.5,22598,22598,서초구,1,merged_far
114000246,GGB114000246,SEB114000246,광영고.신동아파밀리에아파트,광영고.신동아파밀리에아파트,87.8,15350,15350,양천구,1,merged_far
111000011,GGB111000011,SEB111000011,구파발역입구(중),구파발역입구,87.5,12011,12011,은평구,1,merged_far
124000185,GGB124000185,SEB124000185,상일동주몽재활원,상일동주몽재활원,86.6,25297,25297,강동구,1,merged_far
117900028,GGB117900028,SEB117900028,벽산디지털밸리6차,벽산디지털밸리6차,84.6,18792,18792,금천구,1,merged_far
114000377,GGB114000377,SEB114000377,국립과학수사연구소,국립과학수사연구소,83.7,15700,15700,양천구,1,merged_far
121900070,GGB121900070,SEB121900070,교총회관,교총회관,83.4,22500,22500,서초구,1,merged_far
112000037,GGB112000037,SEB112000037,이대부고,이대부고,83.2,13120,13120,서대문구,1,merged_far
209000005,GGB209000005,SEB209000005,호계1동행정복지센터.평촌센텀퍼스트,평촌센텀퍼스트,82.3,10120,56071,안양시,0,split
110000315,GGB110000315,SEB110000315,하계역,하계역,81.9,11416,11416,노원구,1,merged_far
102000086,GGB102000086,SEB102000086,효창공원앞역.이봉창역사울림관,효창공원앞역.이봉창역사울림관,81.9,03180,03180,용산구,1,merged_far
123000176,GGB123000176,SEB123000176,송파도서관,송파도서관,81.5,24266,24266,송파구,1,merged_far
118000504,GGB118000504,SEB118000504,여의나루역,여의나루역.한강버스선착장,80.8,19993,19993,영등포구,1,merged_far
121000085,GGB121000085,SEB121000085,교대역14번출구,교대역14번출구,80.6,22161,22161,서초구,1,merged_far
122000317,GGB122000317,SEB122000317,래미안포레아파트,래미안포레아파트,79.6,23424,23424,강남구,1,merged_far
112000103,GGB112000103,SEB112000103,북가좌삼호.DMC아이파크아파트,북가좌삼호.DMC아이파크아파트,79.2,13186,13186,서대문구,1,merged_far
121000206,GGB121000206,SEB121000206,서울AI허브.한국교원단체총연합회,서울AI허브.한국교원단체총연합회,79.1,22282,22282,서초구,1,merged_far
121900309,GGB121900309,SEB121900309,서초더샵포레,서초더샵포레,78.4,22521,22521,서초구,1,merged_far
115000574,GGB115000574,SEB115000574,화물청사C출구,대한항공화물청사,78.4,16987,16987,강서구,0,split
114000114,GGB114000114,SEB114000114,신한은행신월동지점,신한은행신월동지점,77.4,15217,15217,양천구,1,merged_far
102000247,GGB102000247,SEB102000247,노들섬,노들섬,77.4,03340,03340,용산구,1,merged_far
112000059,GGB112000059,SEB112000059,신촌역2호선,신촌역2호선,77.1,13142,13142,서대문구,1,merged_far
111000916,GGB111000916,SEB111000916,아이파크708동앞,아이파크708동앞,76.9,12457,12457,은평구,1,merged_far
123000113,GGB123000113,SEB123000113,서울방이동고분군,서울방이동고분군,75.8,24202,24202,송파구,1,merged_far
112000026,GGB112000026,SEB112000026,사천교,사천교,75.3,13109,13109,서대문구,1,merged_far
123000026,GGB123000026,SEB123000026,풍성중학교.잠실올림픽아이파크,풍성중학교.잠실올림픽아이파크,74.8,24112,24112,송파구,1,merged_far
102000164,GGB102000164,SEB102000164,용산역광장앞,용산역광장앞,74.6,03258,03258,용산구,1,merged_far
111000345,GGB111000345,SEB111000345,입곡삼거리,입곡삼거리,74.5,12440,12440,은평구,1,merged_far
109000075,GGB109000075,SEB109000075,성대야구장노원교앞,성대야구장.노원교앞,74.2,10160,10160,도봉구,1,merged_far
113000472,GGB113000472,SEB113000472,마포자이2차아파트.대흥역,마포자이2차아파트.대흥역,74.1,14213,14213,마포구,1,merged_far
116000144,GGB116000144,SEB116000144,개봉1동사거리.개봉푸르지오아파트,개봉1동사거리.개봉푸르지오아파트,74.0,17235,17235,구로구,1,merged_far
121900315,GGB121900315,SEB121900315,서초포레스타3단지후문,서초포레스타3단지후문,73.8,22939,22939,서초구,1,merged_far
102000170,GGB102000170,SEB102000170,이촌역,이촌역,72.1,03264,03264,용산구,1,merged_far
122000141,GGB122000141,SEB122000141,삼성역,삼성역,71.8,23244,23244,강남구,1,merged_far
114000194,GGB114000194,SEB114000194,서울과학수사연구소입구,서울과학수사연구소입구,71.4,15298,15298,양천구,1,merged_far
107000094,GGB107000094,SEB107000094,보문동주민센터,보문동주민센터,71.2,08184,08184,성북구,1,merged_far
113000087,GGB113000087,SEB113000087,동도중학교.서울디자인고등학교,동도중학교.서울디자인고등학교,70.2,14178,14178,마포구,1,merged_far
123000682,GGB123000682,SEB123000682,송례중학교.송파꿈에그린,송례중학교.송파꿈에그린,69.3,24399,24399,송파구,1,merged_far
117000053,GGB117000053,SEB117000053,벽산아파트5단지,벽산아파트5단지,69.0,18139,18139,금천구,1,merged_far
106000020,GGB106000020,SEB106000020,중목초등학교,면목2동주민센터.중목초등학교,68.9,07114,07114,중랑구,0,split
116000573,GGB116000573,SEB116000573,남부교도소,남부교도소,68.6,17652,17652,구로구,1,merged_far
107000083,GGB107000083,SEB107000083,길음동동부아파트,길음동동부아파트,68.5,08173,08173,성북구,1,merged_far
121000172,GGB121000172,SEB121000172,한국제약바이오협회,한국제약바이오협회,68.4,22248,22248,서초구,1,merged_far
121000957,GGB121000957,SEB121000957,KT삼거리,KT삼거리,68.4,22601,22601,서초구,1,merged_far
118000155,GGB118000155,SEB118000155,신길동홍어거리,신길동홍어거리,68.3,19240,19240,영등포구,1,merged_far
121000960,GGB121000960,SEB121000960,성촌마을입구,성촌마을입구,68.0,22667,22667,서초구,1,merged_far
106000203,GGB106000203,SEB106000203,중랑경찰서후문,중랑경찰서후문,67.7,07298,07298,중랑구,1,merged_far
124000258,GGB124000258,SEB124000258,성덕중고등학교,성덕중고등학교,66.9,25643,25643,강동구,1,merged_far
105000188,GGB105000188,SEB105000188,한국과학기술원.홍릉초등학교,한국과학기술원.홍릉초등학교,66.8,06274,06274,동대문구,1,merged_far
121900186,GGB121900186,SEB121900186,더케이호텔후문,더케이호텔후문,66.3,22876,22876,서초구,1,merged_far
123000512,GGB123000512,SEB123000512,장지역,장지역,65.9,24801,24801,송파구,1,merged_far
121000211,GGB121000211,SEB121000211,식유촌우면성당.서초호반써밋,식유촌우면성당.서초호반써밋,65.4,22287,22287,서초구,1,merged_far
114000221,GGB114000221,SEB114000221,신월시영아파트.강월초등학교,강월초등학교.신월시영아파트,65.2,15325,15325,양천구,0,split
121000939,GGB121000939,SEB121000939,반포한강공원.세빛섬,반포한강공원.세빛섬,64.8,22404,22404,서초구,1,merged_far
110000645,GGB110000645,SEB110000645,상계3.4동주민센터,상계3.4동주민센터,64.3,11995,11995,노원구,1,merged_far
110000133,GGB110000133,SEB110000133,상계역,상계역사거리,64.2,11233,11233,노원구,1,merged_far
115000211,GGB115000211,SEB115000211,공항중학교.마곡엠밸리9단지,공항중학교.마곡엠밸리9단지,64.0,16308,16308,강서구,1,merged_far
123000147,GGB123000147,SEB123000147,효죽동입구,효죽동입구,63.9,24237,24237,하남시,1,merged_far
119000027,GGB119000027,SEB119000027,사육신공원,사육신공원,63.5,20119,20119,동작구,1,merged_far
121900280,GGB121900280,SEB121900280,교총회관,교총회관,63.3,22949,22949,서초구,1,merged_far
106000196,GGB106000196,SEB106000196,구립도서관체육관,중랑구립정보도서관.구민체육센터,63.3,07291,07291,중랑구,0,split
124000085,GGB124000085,SEB124000085,일자산입구.둔촌도서관,일자산입구.둔촌도서관,63.3,25185,25185,강동구,1,merged_far
210000612,GGB210000612,SEB210000612,원미경찰서,원미경찰서,62.5,11288,11288,부천시,1,merged_far
121001339,GGB121001339,SEB121001339,샘마을.서울특별시어린이병원(중),샘마을.서울특별시어린이병원,62.1,22041,22041,서초구,1,merged_far
117900166,GGB117900166,SEB117900166,시흥사거리,시흥사거리,62.0,18992,18992,금천구,1,merged_far
118000156,GGB118000156,SEB118000156,신풍역.백악관웨딩문화원앞,신풍역4번출구.베뉴비안,61.5,19241,19241,영등포구,0,split
111000935,GGB111000935,SEB111000935,한전서대문은평.북한산푸르지오(중),한전서대문은평.북한산푸르지오,60.9,12026,12026,은평구,1,merged_far
218000232,GGB218000232,SEB218000232,옥빛마을16단지,옥빛마을16단지,60.7,19071,35398,고양시,1,merged_far
121001333,GGB121001333,SEB121001333,염곡마을.서초50플러스센터(중),염곡마을.서초50플러스센터,60.7,22035,22035,서초구,1,merged_far
104000056,GGB104000056,SEB104000056,광진구청.구의역2번출구,광진구청.구의역2번출구,60.6,05149,05149,광진구,1,merged_far
124000356,GGB124000356,SEB124000356,상일초등학교,상일초등학교,59.8,25709,25709,강동구,1,merged_far
121000205,GGB121000205,SEB121000205,서울AI허브.한국교원단체총연합회,서울AI허브.한국교원단체총연합회,59.6,22281,22281,서초구,1,merged_far
111000041,GGB111000041,SEB111000041,신진과학기술고교.이마트은평점,신진과학기술고교.이마트은평점,59.6,12129,12129,은평구,1,merged_far
220000029,GGB220000029,SEB220000029,과천지식정보타운,과천지식정보타운,59.6,21001,37014,과천시,1,merged_far
103000150,GGB103000150,SEB103000150,도선고등학교.꽃재교회,도선고등학교.꽃재교회,59.5,04252,04252,성동구,1,merged_far
117900107,GGB117900107,SEB117900107,호남슈퍼,시흥동향나무.삼층석탑,59.1,18518,18518,금천구,0,split
100000174,GGB100000174,SEB100000174,세종문화회관,세종문화회관,58.9,01272,01272,종로구,1,merged_far
123000632,GGB123000632,SEB123000632,송파나루역,송파나루역,58.8,24199,24199,송파구,1,merged_far
111000081,GGB111000081,SEB111000081,새절역,새절역,58.1,12169,12169,은평구,1,merged_far
112000098,GGB112000098,SEB112000098,삼성래미안2차아파트,삼성래미안2차아파트,58.0,13181,13181,서대문구,1,merged_far
115000306,GGB115000306,SEB115000306,마곡수명산파크3단지4단지,마곡수명산파크3단지4단지,57.9,16420,16420,강서구,1,merged_far
113000106,GGB113000106,SEB113000106,마포중앙도서관,마포중앙도서관,57.4,14197,14197,마포구,1,merged_far
111000034,GGB111000034,SEB111000034,불광역4번출구,불광역4번출구,57.1,12122,12122,은평구,1,merged_far
105000196,GGB105000196,SEB105000196,동대문경찰서,동대문경찰서,56.5,06282,06282,동대문구,1,merged_far
110000303,GGB110000303,SEB110000303,영신여자고등학교입구,영신여자고등학교입구,56.4,11404,11404,노원구,1,merged_far
116000572,GGB116000572,SEB116000572,남부교도소,남부교도소,56.3,17653,17653,구로구,1,merged_far
107000063,GGB107000063,SEB107000063,종암동주민센터,종암동주민센터,56.2,08153,08153,성북구,1,merged_far
116000102,GGB116000102,SEB116000102,수궁동주민센터,수궁동주민센터,55.8,17188,17188,구로구,1,merged_far
121000136,GGB121000136,SEB121000136,서울지방조달청.서울성모병원,서울지방조달청.서울성모병원,55.8,22212,22212,서초구,1,merged_far
113000100,GGB113000100,SEB113000100,경성중고.홍대부속여중고입구,경성중고.홍대부속여중고입구,55.5,14191,14191,마포구,1,merged_far
122000304,GGB122000304,SEB122000304,세곡동주민센터,세곡동주민센터,55.0,23411,23411,강남구,1,merged_far
225000149,GGB225000149,SEB225000149,충무주공아파트,충무주공아파트,55.0,26065,40101,군포시,1,merged_far
105000067,GGB105000067,SEB105000067,동아.위더스빌아파트,답십리2동주민센터,54.9,06153,06153,동대문구,0,split
210000220,GGB210000220,SEB210000220,그린타운상가.무지개마을,그린타운상가.무지개마을,54.8,11168,46618,부천시,1,merged_far
119000057,GGB119000057,SEB119000057,상도초등학교입구,상도초등학교입구,54.6,20150,20150,동작구,1,merged_far
117000023,GGB117000023,SEB117000023,디지털3단지.(주)로옴코리아,디지털3단지.(주)로옴코리아,54.5,18109,18109,금천구,1,merged_far
123000199,GGB123000199,SEB123000199,송파구립마천청소년센터,송파구립마천청소년센터,54.5,24289,24289,송파구,1,merged_far
121900318,GGB121900318,SEB121900318,서초포레스타5단지정문,서초포레스타5단지정문,54.2,22609,22609,서초구,1,merged_far
121900317,GGB121900317,SEB121900317,서초포레스타5단지정문,서초포레스타5단지정문,54.1,22068,22068,서초구,1,merged_far
123000681,GGB123000681,SEB123000681,송파위례리슈빌,송파위례리슈빌,53.8,24428,24428,송파구,1,merged_far
123000565,GGB123000565,SEB123000565,파크데일아파트1단지앞,파크데일아파트1단지앞,53.1,24104,24104,송파구,1,merged_far
122000309,GGB122000309,SEB122000309,세곡동,세곡동,53.0,23416,23416,강남구,1,merged_far
122000717,GGB122000717,SEB122000717,고속철도수서역,고속철도수서역,52.9,23320,23320,강남구,1,merged_far
122000723,GGB122000723,SEB122000723,코엑스도심공항,코엑스도심공항,52.7,23801,23801,강남구,1,merged_far
116000094,GGB116000094,SEB116000094,궁동청소년문화의집,궁동청소년문화의집,52.6,17180,17180,구로구,1,merged_far
119000105,GGB119000105,SEB119000105,동작구청.장승배기역,동작구청.장승배기역,52.4,20198,20198,동작구,1,merged_far
111000159,GGB111000159,SEB111000159,불광역.불광1동주민센터,불광역.불광1동주민센터,52.1,12249,12249,은평구,1,merged_far
120000016,GGB120000016,SEB120000016,난곡입구,난곡입구,51.9,21115,21115,관악구,1,merged_far
110000327,GGB110000327,SEB110000327,한성여객종점,한성여객종점,51.8,11428,11428,노원구,1,merged_far
114000105,GGB114000105,SEB114000105,양천노인종합복지관,양천어르신종합복지관,51.8,15208,15208,양천구,0,split
100000065,GGB100000065,SEB100000065,롯데아파트,롯데아파트,51.6,01160,01160,종로구,1,merged_far
109900061,GGB109900061,SEB109900061,대우.삼성서비스센터,대우.삼성서비스센터,51.5,10592,10592,도봉구,1,merged_far
116000603,GGB116000603,SEB116000603,롯데시티호텔구로,롯데시티호텔구로,51.2,17751,17751,구로구,1,merged_far
111000218,GGB111000218,SEB111000218,신진과학기술고등학교,신진과학기술고등학교,51.1,12308,12308,은평구,1,merged_far
114000095,GGB114000095,SEB114000095,갈산초등학교후문,갈산초등학교후문,51.0,15198,15198,양천구,1,merged_far
106000207,GGB106000207,SEB106000207,신내데시앙아파트.신내역프라디움,신내데시앙아파트.신내역프라디움,50.9,07302,07302,중랑구,1,merged_far
117900018,GGB117900018,SEB117900018,한진택배,한진택배,50.9,18806,18806,금천구,1,merged_far
105000017,GGB105000017,SEB105000017,동대문구청(중),동대문구청,50.7,06017,06017,동대문구,1,merged_far
118000005,GGB118000005,SEB118000005,영등포역(중),영등포역,50.6,19005,19005,영등포구,1,merged_far
114000425,GGB114000425,SEB114000425,신정이펜하우스3.4단지,신정이펜하우스3.4단지,50.6,15421,15421,양천구,1,merged_far
116900006,GGB116900006,SEB116900006,유한공고.성공회대앞,유한공고.성공회대앞,50.5,17682,17682,구로구,1,merged_far
121000051,GGB121000051,SEB121000051,서초그랑자이아파트,서초그랑자이아파트,50.3,22127,22127,서초구,1,merged_far
122000067,GGB122000067,SEB122000067,영동교입구,영동대교남단,50.3,23169,23169,강남구,0,split
121001327,GGB121001327,SEB121001327,내방역1번출구,내방역1번출구,50.3,22415,22415,서초구,1,merged_far
121900313,GGB121900313,SEB121900313,서초더샵포레,서초더샵포레,50.2,22526,22526,서초구,1,merged_far
