station_id,name,name_norm,name_key,aliases,line_raw,line_code,line_id,line_group,lat,lon,sido_cd,sido_nm,sgg_cd,sgg_nm,region_method,operator,is_transfer,data_date
shinbundang-D004,신사,신사,신사,,신분당선,I11D1,shinbundang,신분당선,37.5161253,127.0197609,11,서울특별시,11680,강남구,contain,경기도 신분당선,1,2026-06-18
shinbundang-D005,논현,논현,논현,,신분당선,I11D1,shinbundang,신분당선,37.5111154,127.0213658,11,서울특별시,11680,강남구,contain,경기도 신분당선,1,2026-06-18
shinbundang-D006,신논현,신논현,신논현,,신분당선,I11D1,shinbundang,신분당선,37.5045554,127.0245306,11,서울특별시,11680,강남구,contain,경기도 신분당선,1,2026-06-18
shinbundang-D007,강남,강남,강남,,신분당선,I11D1,shinbundang,신분당선,37.4973854,127.0278789,11,서울특별시,11650,서초구,contain,경기도 신분당선,1,2026-06-18
shinbundang-D008,양재(서초구청),양재(서초구청),양재,,신분당선,I11D1,shinbundang,신분당선,37.4844535,127.0340995,11,서울특별시,11650,서초구,contain,경기도 신분당선,1,2026-06-18
shinbundang-D009,양재시민의숲(매헌),양재시민의숲(매헌),양재시민의숲,,신분당선,I11D1,shinbundang,신분당선,37.4709639,127.0384203,11,서울특별시,11650,서초구,contain,경기도 신분당선,0,2026-06-18
shinbundang-D010,청계산입구,청계산입구,청계산입구,,신분당선,I11D1,shinbundang,신분당선,37.4487148,127.0543396,11,서울특별시,11650,서초구,contain,경기도 신분당선,0,2026-06-18
shinbundang-D011,판교,판교,판교,,신분당선,I11D1,shinbundang,신분당선,37.3957148,127.1112107,41,경기도,41130,성남시,contain,경기도 신분당선,1,2026-06-18
shinbundang-D012,정자,정자,정자,,신분당선,I11D1,shinbundang,신분당선,37.3682102,127.1083859,41,경기도,41130,성남시,contain,경기도 신분당선,1,2026-06-18
shinbundang-D013,미금,미금,미금,,신분당선,I11D1,shinbundang,신분당선,37.3511833,127.1089028,41,경기도,41130,성남시,contain,경기도 신분당선,1,2026-06-18
shinbundang-D014,동천,동천,동천,,신분당선,I11D1,shinbundang,신분당선,37.3386841,127.1027937,41,경기도,41460,용인시,contain,경기도 신분당선,0,2026-06-18
shinbundang-D015,수지구청,수지구청,수지구청,,신분당선,I11D1,shinbundang,신분당선,37.3230090,127.0955813,41,경기도,41460,용인시,contain,경기도 신분당선,0,2026-06-18
shinbundang-D016,성복,성복,성복,,신분당선,I11D1,shinbundang,신분당선,37.3140425,127.0807578,41,경기도,41460,용인시,contain,경기도 신분당선,0,2026-06-18
shinbundang-D017,상현,상현,상현,,신분당선,I11D1,shinbundang,신분당선,37.2986853,127.0695799,41,경기도,41460,용인시,contain,경기도 신분당선,0,2026-06-18
shinbundang-D018,광교중앙(아주대),광교중앙(아주대),광교중앙,,신분당선,I11D1,shinbundang,신분당선,37.2877375,127.0526250,41,경기도,41110,수원시,contain,경기도 신분당선,0,2026-06-18
shinbundang-D019,광교(경기대),광교(경기대),광교,,신분당선,I11D1,shinbundang,신분당선,37.3017347,127.0448561,41,경기도,41110,수원시,contain,경기도 신분당선,0,2026-06-18
everline-Y110,기흥(백남준아트센터),기흥(백남준아트센터),기흥,,에버라인,L41E1,everline,용인에버라인,37.2754529,127.1170465,41,경기도,41460,용인시,contain,경기도 용인경전철,1,2025-03-25
everline-Y111,강남대,강남대,강남대,,에버라인,L41E1,everline,용인에버라인,37.2701707,127.1260669,41,경기도,41460,용인시,contain,경기도 용인경전철,0,2025-03-25
everline-Y112,지석,지석,지석,,에버라인,L41E1,everline,용인에버라인,37.2697373,127.1363256,41,경기도,41460,용인시,contain,경기도 용인경전철,0,2025-03-25
everline-Y113,어정,어정,어정,,에버라인,L41E1,everline,용인에버라인,37.2749513,127.1437499,41,경기도,41460,용인시,contain,경기도 용인경전철,0,2025-03-25
everline-Y114,동백(용인세브란스),동백(용인세브란스),동백,,에버라인,L41E1,everline,용인에버라인,37.2691014,127.1526906,41,경기도,41460,용인시,contain,경기도 용인경전철,0,2025-03-25
everline-Y115,초당,초당,초당,,에버라인,L41E1,everline,용인에버라인,37.2608065,127.1594692,41,경기도,41460,용인시,contain,경기도 용인경전철,0,2025-03-25
everline-Y116,삼가,삼가,삼가,,에버라인,L41E1,everline,용인에버라인,37.2420599,127.1681800,41,경기도,41460,용인시,contain,경기도 용인경전철,0,2025-03-25
everline-Y117,시청·용인대,시청.용인대,시청용인대,,에버라인,L41E1,everline,용인에버라인,37.2394420,127.1788851,41,경기도,41460,용인시,contain,경기도 용인경전철,0,2025-03-25
everline-Y118,명지대,명지대,명지대,,에버라인,L41E1,everline,용인에버라인,37.2380763,127.1902913,41,경기도,41460,용인시,contain,경기도 용인경전철,0,2025-03-25
everline-Y119,김량장,김량장,김량장,,에버라인,L41E1,everline,용인에버라인,37.2373238,127.1986109,41,경기도,41460,용인시,contain,경기도 용인경전철,0,2025-03-25
everline-Y120,용인중앙시장(용인예술과학대),용인중앙시장(용인예술과학대),용인중앙시장,,에버라인,L41E1,everline,용인에버라인,37.2379113,127.2090526,41,경기도,41460,용인시,contain,경기도 용인경전철,0,2025-03-25
everline-Y121,고진,고진,고진,,에버라인,L41E1,everline,용인에버라인,37.2446383,127.2141836,41,경기도,41460,용인시,contain,경기도 용인경전철,0,2025-03-25
everline-Y122,보평,보평,보평,,에버라인,L41E1,everline,용인에버라인,37.2589643,127.2184808,41,경기도,41460,용인시,contain,경기도 용인경전철,0,2025-03-25
everline-Y123,둔전,둔전,둔전,,에버라인,L41E1,everline,용인에버라인,37.2672122,127.2136387,41,경기도,41460,용인시,contain,경기도 용인경전철,0,2025-03-25
everline-Y124,전대·에버랜드,전대.에버랜드,전대에버랜드,,에버라인,L41E1,everline,용인에버라인,37.2854133,127.2195090,41,경기도,41460,용인시,contain,경기도 용인경전철,0,2025-03-25
arex-A01,서울,서울,서울,,인천국제공항선,I28A1,arex,공항철도,37.5530178,126.9697643,11,서울특별시,11170,용산구,contain,공항철도주식회사,1,2023-05-31
arex-A02,공덕,공덕,공덕,,인천국제공항선,I28A1,arex,공항철도,37.5427105,126.9516296,11,서울특별시,11440,마포구,contain,공항철도주식회사,1,2023-05-31
arex-A03,홍대입구,홍대입구,홍대입구,,인천국제공항선,I28A1,arex,공항철도,37.5577410,126.9264939,11,서울특별시,11440,마포구,contain,공항철도주식회사,1,2023-05-31
arex-A04,디지털미디어시티,디지털미디어시티,디지털미디어시티,,인천국제공항선,I28A1,arex,공항철도,37.5773550,126.8980250,11,서울특별시,11440,마포구,contain,공항철도주식회사,1,2023-05-31
arex-A042,마곡나루,마곡나루,마곡나루,,인천국제공항선,I28A1,arex,공항철도,37.5658191,126.8276358,11,서울특별시,11500,강서구,contain,공항철도주식회사,1,2023-05-31
arex-A05,김포공항,김포공항,김포공항,,인천국제공항선,I28A1,arex,공항철도,37.5621165,126.8015442,11,서울특별시,11500,강서구,contain,공항철도주식회사,1,2023-05-31
seoul8-806,동구릉,동구릉,동구릉,,8호선,S1108,seoul8,8호선,37.6105560,127.1350560,41,경기도,41310,구리시,contain,구리도시공사,0,2024-08-12
seoul8-807,구리(구리전통시장),구리(구리전통시장),구리,,8호선,S1108,seoul8,8호선,37.6025600,127.1407300,41,경기도,41310,구리시,contain,구리도시공사,0,2024-08-12
seoul8-808,장자호수공원,장자호수공원,장자호수공원,,8호선,S1108,seoul8,8호선,37.5872220,127.1379300,41,경기도,41310,구리시,contain,구리도시공사,0,2024-08-12
gimpogold-G100,양촌역,양촌역,양촌,,김포도시철도,L41G1,gimpogold,김포골드라인,37.6416390,126.6146940,41,경기도,41570,김포시,contain,김포골드라인에스알에스㈜,0,2026-05-25
gimpogold-G101,구래역,구래역,구래,,김포도시철도,L41G1,gimpogold,김포골드라인,37.6453540,126.6285000,41,경기도,41570,김포시,contain,김포골드라인에스알에스㈜,0,2026-05-25
gimpogold-G102,마산역,마산역,마산,,김포도시철도,L41G1,gimpogold,김포골드라인,37.6406060,126.6439440,41,경기도,41570,김포시,contain,김포골드라인에스알에스㈜,0,2026-05-25
gimpogold-G103,장기역,장기역,장기,,김포도시철도,L41G1,gimpogold,김포골드라인,37.6440280,126.6690000,41,경기도,41570,김포시,contain,김포골드라인에스알에스㈜,0,2026-05-25
gimpogold-G104,운양역,운양역,운양,,김포도시철도,L41G1,gimpogold,김포골드라인,37.6538610,126.6838330,41,경기도,41570,김포시,contain,김포골드라인에스알에스㈜,0,2026-05-25
gimpogold-G105,걸포북변역,걸포북변역,걸포북변,,김포도시철도,L41G1,gimpogold,김포골드라인,37.6316390,126.7057500,41,경기도,41570,김포시,contain,김포골드라인에스알에스㈜,0,2026-05-25
gimpogold-G106,사우역,사우역,사우,,김포도시철도,L41G1,gimpogold,김포골드라인,37.6203610,126.7197220,41,경기도,41570,김포시,contain,김포골드라인에스알에스㈜,0,2026-05-25
gimpogold-G107,풍무역,풍무역,풍무,,김포도시철도,L41G1,gimpogold,김포골드라인,37.6123330,126.7325830,41,경기도,41570,김포시,contain,김포골드라인에스알에스㈜,0,2026-05-25
gimpogold-G108,고촌역,고촌역,고촌,,김포도시철도,L41G1,gimpogold,김포골드라인,37.6012500,126.7703610,41,경기도,41570,김포시,contain,김포골드라인에스알에스㈜,0,2026-05-25
gimpogold-G109,김포공항역,김포공항역,김포공항,,김포도시철도,L41G1,gimpogold,김포골드라인,37.5623090,126.8018330,11,서울특별시,11500,강서구,contain,김포골드라인에스알에스㈜,1,2026-05-25
sillim-S401,샛강,샛강,샛강,,수도권 경량도시철도 신림선,L11SL,sillim,신림선,37.5172199,126.9294040,11,서울특별시,11560,영등포구,contain,남서울경전철 주식회사,1,2025-09-23
sillim-S402,대방,대방,대방,,수도권 경량도시철도 신림선,L11SL,sillim,신림선,37.5128402,126.9253168,11,서울특별시,11560,영등포구,contain,남서울경전철 주식회사,1,2025-09-23
sillim-S403,서울지방병무청,서울지방병무청,서울지방병무청,,수도권 경량도시철도 신림선,L11SL,sillim,신림선,37.5060469,126.9227834,11,서울특별시,11590,동작구,contain,남서울경전철 주식회사,0,2025-09-23
sillim-S404,보라매,보라매,보라매,,수도권 경량도시철도 신림선,L11SL,sillim,신림선,37.5003127,126.9204859,11,서울특별시,11560,영등포구,contain,남서울경전철 주식회사,1,2025-09-23
sillim-S405,보라매공원,보라매공원,보라매공원,,수도권 경량도시철도 신림선,L11SL,sillim,신림선,37.4952254,126.9182588,11,서울특별시,11590,동작구,contain,남서울경전철 주식회사,0,2025-09-23
sillim-S406,보라매병원,보라매병원,보라매병원,,수도권 경량도시철도 신림선,L11SL,sillim,신림선,37.4929607,126.9238860,11,서울특별시,11590,동작구,contain,남서울경전철 주식회사,0,2025-09-23
sillim-S407,당곡,당곡,당곡,,수도권 경량도시철도 신림선,L11SL,sillim,신림선,37.4900391,126.9275688,11,서울특별시,11620,관악구,contain,남서울경전철 주식회사,0,2025-09-23
sillim-S408,신림,신림,신림,,수도권 경량도시철도 신림선,L11SL,sillim,신림선,37.4848908,126.9296099,11,서울특별시,11620,관악구,contain,남서울경전철 주식회사,1,2025-09-23
sillim-S409,서원,서원,서원,,수도권 경량도시철도 신림선,L11SL,sillim,신림선,37.4782734,126.9332282,11,서울특별시,11620,관악구,contain,남서울경전철 주식회사,0,2025-09-23
sillim-S410,서울대벤처타운,서울대벤처타운,서울대벤처타운,,수도권 경량도시철도 신림선,L11SL,sillim,신림선,37.4720407,126.9339766,11,서울특별시,11620,관악구,contain,남서울경전철 주식회사,0,2025-09-23
sillim-S411,관악산,관악산,관악산,,수도권 경량도시철도 신림선,L11SL,sillim,신림선,37.4691690,126.9449548,11,서울특별시,11620,관악구,contain,남서울경전철 주식회사,0,2025-09-23
jinjeop-0405,진접역,진접역,진접,,진접선,I4104,jinjeop,4호선,37.7204720,127.2031670,41,경기도,41360,남양주시,contain,남양주도시공사,0,2022-08-31
jinjeop-0406,오남역,오남역,오남,,진접선,I4104,jinjeop,4호선,37.7054056,127.1916440,41,경기도,41360,남양주시,contain,남양주도시공사,0,2022-08-31
jinjeop-0408,별내별가람역,별내별가람역,별내별가람,,진접선,I4104,jinjeop,4호선,37.6678330,127.1161670,41,경기도,41360,남양주시,contain,남양주도시공사,0,2022-08-31
metro8-804,별내역,별내역,별내,,수도권 광역철도 8호선,S4108,metro8,8호선,37.6425170,127.1273000,41,경기도,41360,남양주시,contain,남양주도시공사,1,2024-09-12
metro8-805,다산역,다산역,다산,,수도권 광역철도 8호선,S4108,metro8,8호선,37.6243700,127.1498000,41,경기도,41360,남양주시,contain,남양주도시공사,0,2024-09-12
seoul1-0124,청량리(서울시립대입구),청량리(서울시립대입구),청량리,,1호선,I4101,seoul1,1호선,37.5801480,127.0450630,11,서울특별시,11230,동대문구,contain,서울교통공사,1,2024-12-31
seoul1-0125,제기동,제기동,제기동,,1호선,I4101,seoul1,1호선,37.5781160,127.0349020,11,서울특별시,11230,동대문구,contain,서울교통공사,0,2024-12-31
seoul1-0126,신설동,신설동,신설동,,1호선,I4101,seoul1,1호선,37.5761170,127.0247100,11,서울특별시,11230,동대문구,contain,서울교통공사,1,2024-12-31
seoul1-0127,동묘앞,동묘앞,동묘앞,,1호선,I4101,seoul1,1호선,37.5732650,127.0164590,11,서울특별시,11110,종로구,contain,서울교통공사,1,2024-12-31
seoul1-0128,동대문,동대문,동대문,,1호선,I4101,seoul1,1호선,37.5716460,127.0106900,11,서울특별시,11110,종로구,contain,서울교통공사,1,2024-12-31
seoul1-0129,종로5가,종로5가,종로5가,,1호선,I4101,seoul1,1호선,37.5709710,127.0019000,11,서울특별시,11110,종로구,contain,서울교통공사,0,2024-12-31
seoul1-0130,종로3가,종로3가,종로3가,,1호선,I4101,seoul1,1호선,37.5704290,126.9920950,11,서울특별시,11110,종로구,contain,서울교통공사,1,2024-12-31
seoul1-0131,종각,종각,종각,,1호선,I4101,seoul1,1호선,37.5702030,126.9831160,11,서울특별시,11110,종로구,contain,서울교통공사,0,2024-12-31
seoul1-0132,시청,시청,시청,,1호선,I4101,seoul1,1호선,37.5652110,126.9772070,11,서울특별시,11140,중구,contain,서울교통공사,1,2024-12-31
seoul1-0133,서울역,서울역,서울,,1호선,I4101,seoul1,1호선,37.5558500,126.9721030,11,서울특별시,11140,중구,contain,서울교통공사,1,2024-12-31
seoul2-0201,시청,시청,시청,,2호선,S1102,seoul2,2호선,37.5635340,126.9752710,11,서울특별시,11140,중구,contain,서울교통공사,1,2024-12-31
seoul2-0202,을지로입구,을지로입구,을지로입구,,2호선,S1102,seoul2,2호선,37.5659980,126.9825690,11,서울특별시,11140,중구,contain,서울교통공사,0,2024-12-31
seoul2-0203,을지로3가,을지로3가,을지로3가,,2호선,S1102,seoul2,2호선,37.5662920,126.9908730,11,서울특별시,11140,중구,contain,서울교통공사,1,2024-12-31
seoul2-0204,을지로4가,을지로4가,을지로4가,,2호선,S1102,seoul2,2호선,37.5666110,126.9976220,11,서울특별시,11140,중구,contain,서울교통공사,1,2024-12-31
seoul2-0205,동대문역사문화공원(DDP),동대문역사문화공원(DDP),동대문역사문화공원,,2호선,S1102,seoul2,2호선,37.5656090,127.0090830,11,서울특별시,11140,중구,contain,서울교통공사,1,2024-12-31
seoul2-0206,신당,신당,신당,,2호선,S1102,seoul2,2호선,37.5656750,127.0194259,11,서울특별시,11140,중구,contain,서울교통공사,1,2024-12-31
seoul2-0207,상왕십리,상왕십리,상왕십리,,2호선,S1102,seoul2,2호선,37.5644440,127.0293220,11,서울특별시,11200,성동구,contain,서울교통공사,0,2024-12-31
seoul2-0208,왕십리(성동구청),왕십리(성동구청),왕십리,,2호선,S1102,seoul2,2호선,37.5612890,127.0370615,11,서울특별시,11200,성동구,contain,서울교통공사,1,2024-12-31
seoul2-0209,한양대,한양대,한양대,,2호선,S1102,seoul2,2호선,37.5557580,127.0436594,11,서울특별시,11200,성동구,contain,서울교통공사,0,2024-12-31
seoul2-0210,뚝섬,뚝섬,뚝섬,,2호선,S1102,seoul2,2호선,37.5471800,127.0474130,11,서울특별시,11200,성동구,contain,서울교통공사,0,2024-12-31
seoul2-0211,성수,성수,성수,,2호선,S1102,seoul2,2호선,37.5446280,127.0559830,11,서울특별시,11200,성동구,contain,서울교통공사,0,2024-12-31
seoul2-0212,건대입구,건대입구,건대입구,,2호선,S1102,seoul2,2호선,37.5404080,127.0692310,11,서울특별시,11215,광진구,contain,서울교통공사,1,2024-12-31
seoul2-0213,구의(광진구청),구의(광진구청),구의,,2호선,S1102,seoul2,2호선,37.5371570,127.0862124,11,서울특별시,11215,광진구,contain,서울교통공사,0,2024-12-31
seoul2-0214,강변(동서울터미널),강변(동서울터미널),강변,,2호선,S1102,seoul2,2호선,37.5351610,127.0946840,11,서울특별시,11215,광진구,contain,서울교통공사,0,2024-12-31
seoul2-0215,잠실나루,잠실나루,잠실나루,,2호선,S1102,seoul2,2호선,37.5206880,127.1038360,11,서울특별시,11710,송파구,contain,서울교통공사,0,2024-12-31
seoul2-0216,잠실(송파구청),잠실(송파구청),잠실,,2호선,S1102,seoul2,2호선,37.5133050,127.1001290,11,서울특별시,11710,송파구,contain,서울교통공사,1,2024-12-31
seoul2-0217,잠실새내,잠실새내,잠실새내,,2호선,S1102,seoul2,2호선,37.5116530,127.0862240,11,서울특별시,11710,송파구,contain,서울교통공사,0,2024-12-31
seoul2-0218,종합운동장,종합운동장,종합운동장,,2호선,S1102,seoul2,2호선,37.5111280,127.0738410,11,서울특별시,11710,송파구,contain,서울교통공사,1,2024-12-31
seoul2-0219,삼성(무역센터),삼성(무역센터),삼성,,2호선,S1102,seoul2,2호선,37.5088270,127.0632030,11,서울특별시,11680,강남구,contain,서울교통공사,0,2024-12-31
seoul2-0220,선릉,선릉,선릉,,2호선,S1102,seoul2,2호선,37.5042570,127.0481740,11,서울특별시,11680,강남구,contain,서울교통공사,1,2024-12-31
seoul2-0221,역삼,역삼,역삼,,2호선,S1102,seoul2,2호선,37.5006580,127.0364300,11,서울특별시,11680,강남구,contain,서울교통공사,0,2024-12-31
seoul2-0222,강남,강남,강남,,2호선,S1102,seoul2,2호선,37.4980500,127.0279500,11,서울특별시,11680,강남구,contain,서울교통공사,1,2024-12-31
seoul2-0223,교대(법원·검찰청),교대(법원.검찰청),교대,,2호선,S1102,seoul2,2호선,37.4939570,127.0144310,11,서울특별시,11650,서초구,contain,서울교통공사,1,2024-12-31
seoul2-0224,서초,서초,서초,,2호선,S1102,seoul2,2호선,37.4919100,127.0076850,11,서울특별시,11650,서초구,contain,서울교통공사,0,2024-12-31
seoul2-0225,방배,방배,방배,,2호선,S1102,seoul2,2호선,37.4814690,126.9976270,11,서울특별시,11650,서초구,contain,서울교통공사,0,2024-12-31
seoul2-0226,사당,사당,사당,,2호선,S1102,seoul2,2호선,37.4765360,126.9816310,11,서울특별시,11590,동작구,contain,서울교통공사,1,2024-12-31
seoul2-0227,낙성대(강감찬),낙성대(강감찬),낙성대,,2호선,S1102,seoul2,2호선,37.4771300,126.9635830,11,서울특별시,11620,관악구,contain,서울교통공사,0,2024-12-31
seoul2-0228,서울대입구(관악구청),서울대입구(관악구청),서울대입구,,2호선,S1102,seoul2,2호선,37.4812330,126.9527450,11,서울특별시,11620,관악구,contain,서울교통공사,0,2024-12-31
seoul2-0229,봉천,봉천,봉천,,2호선,S1102,seoul2,2호선,37.4824160,126.9416960,11,서울특별시,11620,관악구,contain,서울교통공사,0,2024-12-31
seoul2-0230,신림,신림,신림,,2호선,S1102,seoul2,2호선,37.4842160,126.9295730,11,서울특별시,11620,관악구,contain,서울교통공사,0,2024-12-31
seoul2-0231,신대방,신대방,신대방,,2호선,S1102,seoul2,2호선,37.4876040,126.9134790,11,서울특별시,11590,동작구,contain,서울교통공사,0,2024-12-31
seoul2-0232,구로디지털단지,구로디지털단지,구로디지털단지,,2호선,S1102,seoul2,2호선,37.4852931,126.9014560,11,서울특별시,11530,구로구,contain,서울교통공사,0,2024-12-31
seoul2-0233,대림(구로구청),대림(구로구청),대림,,2호선,S1102,seoul2,2호선,37.4932826,126.8949793,11,서울특별시,11560,영등포구,contain,서울교통공사,1,2024-12-31
seoul2-0234,신도림,신도림,신도림,,2호선,S1102,seoul2,2호선,37.5088150,126.8912220,11,서울특별시,11530,구로구,contain,서울교통공사,1,2024-12-31
seoul2-0235,문래,문래,문래,,2호선,S1102,seoul2,2호선,37.5179930,126.8947660,11,서울특별시,11560,영등포구,contain,서울교통공사,0,2024-12-31
seoul2-0236,영등포구청,영등포구청,영등포구청,,2호선,S1102,seoul2,2호선,37.5257660,126.8966270,11,서울특별시,11560,영등포구,contain,서울교통공사,1,2024-12-31
seoul2-0237,당산,당산,당산,,2호선,S1102,seoul2,2호선,37.5348070,126.9026110,11,서울특별시,11560,영등포구,contain,서울교통공사,1,2024-12-31
seoul2-0238,합정,합정,합정,,2호선,S1102,seoul2,2호선,37.5500250,126.9145570,11,서울특별시,11440,마포구,contain,서울교통공사,1,2024-12-31
seoul2-0239,홍대입구,홍대입구,홍대입구,,2호선,S1102,seoul2,2호선,37.5567480,126.9236430,11,서울특별시,11440,마포구,contain,서울교통공사,1,2024-12-31
seoul2-0240,신촌(지하),신촌(지하),신촌,,2호선,S1102,seoul2,2호선,37.5551530,126.9368900,11,서울특별시,11410,서대문구,contain,서울교통공사,0,2024-12-31
seoul2-0241,이대,이대,이대,,2호선,S1102,seoul2,2호선,37.5567340,126.9458970,11,서울특별시,11440,마포구,contain,서울교통공사,0,2024-12-31
seoul2-0242,아현,아현,아현,,2호선,S1102,seoul2,2호선,37.5574070,126.9560790,11,서울특별시,11440,마포구,contain,서울교통공사,0,2024-12-31
seoul2-0243,충정로(경기대입구),충정로(경기대입구),충정로,,2호선,S1102,seoul2,2호선,37.5597420,126.9644550,11,서울특별시,11410,서대문구,contain,서울교통공사,1,2024-12-31
seoul3-0319,지축,지축,지축,,3호선,I1103,seoul3,3호선,37.6481510,126.9137510,41,경기도,41280,고양시,contain,서울교통공사,0,2024-12-31
seoul3-0320,구파발,구파발,구파발,,3호선,I1103,seoul3,3호선,37.6366120,126.9188270,11,서울특별시,11380,은평구,contain,서울교통공사,0,2024-12-31
seoul3-0321,연신내,연신내,연신내,,3호선,I1103,seoul3,3호선,37.6192950,126.9209590,11,서울특별시,11380,은평구,contain,서울교통공사,1,2024-12-31
seoul3-0322,불광,불광,불광,,3호선,I1103,seoul3,3호선,37.6101540,126.9301830,11,서울특별시,11380,은평구,contain,서울교통공사,1,2024-12-31
seoul3-0323,녹번,녹번,녹번,,3호선,I1103,seoul3,3호선,37.6008820,126.9357580,11,서울특별시,11380,은평구,contain,서울교통공사,0,2024-12-31
seoul3-0324,홍제,홍제,홍제,,3호선,I1103,seoul3,3호선,37.5888510,126.9440920,11,서울특별시,11410,서대문구,contain,서울교통공사,0,2024-12-31
seoul3-0325,무악재,무악재,무악재,,3호선,I1103,seoul3,3호선,37.5826580,126.9501310,11,서울특별시,11410,서대문구,contain,서울교통공사,0,2024-12-31
seoul3-0326,독립문,독립문,독립문,,3호선,I1103,seoul3,3호선,37.5745340,126.9579020,11,서울특별시,11410,서대문구,contain,서울교통공사,0,2024-12-31
seoul3-0327,경복궁(정부서울청사),경복궁(정부서울청사),경복궁,,3호선,I1103,seoul3,3호선,37.5758440,126.9735760,11,서울특별시,11110,종로구,contain,서울교통공사,0,2024-12-31
seoul3-0328,안국,안국,안국,,3호선,I1103,seoul3,3호선,37.5765620,126.9854700,11,서울특별시,11110,종로구,contain,서울교통공사,0,2024-12-31
seoul3-0329,종로3가,종로3가,종로3가,,3호선,I1103,seoul3,3호선,37.5715370,126.9918370,11,서울특별시,11110,종로구,contain,서울교통공사,1,2024-12-31
seoul3-0330,을지로3가,을지로3가,을지로3가,,3호선,I1103,seoul3,3호선,37.5662990,126.9926160,11,서울특별시,11140,중구,contain,서울교통공사,1,2024-12-31
seoul3-0331,충무로,충무로,충무로,,3호선,I1103,seoul3,3호선,37.5613820,126.9941730,11,서울특별시,11140,중구,contain,서울교통공사,1,2024-12-31
seoul3-0332,동대입구,동대입구,동대입구,,3호선,I1103,seoul3,3호선,37.5590600,127.0052730,11,서울특별시,11140,중구,contain,서울교통공사,0,2024-12-31
seoul3-0333,약수,약수,약수,,3호선,I1103,seoul3,3호선,37.5545540,127.0108580,11,서울특별시,11140,중구,contain,서울교통공사,1,2024-12-31
seoul3-0334,금호,금호,금호,,3호선,I1103,seoul3,3호선,37.5482690,127.0157850,11,서울특별시,11200,성동구,contain,서울교통공사,0,2024-12-31
seoul3-0335,옥수,옥수,옥수,,3호선,I1103,seoul3,3호선,37.5416530,127.0173030,11,서울특별시,11200,성동구,contain,서울교통공사,1,2024-12-31
seoul3-0336,압구정,압구정,압구정,,3호선,I1103,seoul3,3호선,37.5261690,127.0285020,11,서울특별시,11680,강남구,contain,서울교통공사,0,2024-12-31
seoul3-0337,신사,신사,신사,,3호선,I1103,seoul3,3호선,37.5164380,127.0202470,11,서울특별시,11680,강남구,contain,서울교통공사,0,2024-12-31
seoul3-0338,잠원,잠원,잠원,,3호선,I1103,seoul3,3호선,37.5129890,127.0116130,11,서울특별시,11650,서초구,contain,서울교통공사,0,2024-12-31
seoul3-0339,고속터미널,고속터미널,고속터미널,,3호선,I1103,seoul3,3호선,37.5049530,127.0049160,11,서울특별시,11650,서초구,contain,서울교통공사,1,2024-12-31
seoul3-0340,교대(법원·검찰청),교대(법원.검찰청),교대,,3호선,I1103,seoul3,3호선,37.4930600,127.0137960,11,서울특별시,11650,서초구,contain,서울교통공사,1,2024-12-31
seoul3-0341,남부터미널(예술의전당),남부터미널(예술의전당),남부터미널,,3호선,I1103,seoul3,3호선,37.4849400,127.0162890,11,서울특별시,11650,서초구,contain,서울교통공사,0,2024-12-31
seoul3-0342,양재(서초구청),양재(서초구청),양재,,3호선,I1103,seoul3,3호선,37.4845800,127.0342300,11,서울특별시,11650,서초구,contain,서울교통공사,1,2024-12-31
seoul3-0343,매봉,매봉,매봉,,3호선,I1103,seoul3,3호선,37.4871140,127.0469070,11,서울특별시,11680,강남구,contain,서울교통공사,0,2024-12-31
seoul3-0344,도곡,도곡,도곡,,3호선,I1103,seoul3,3호선,37.4911290,127.0556940,11,서울특별시,11680,강남구,contain,서울교통공사,1,2024-12-31
seoul3-0345,대치,대치,대치,,3호선,I1103,seoul3,3호선,37.4946010,127.0634490,11,서울특별시,11680,강남구,contain,서울교통공사,0,2024-12-31
seoul3-0346,학여울,학여울,학여울,,3호선,I1103,seoul3,3호선,37.4967870,127.0708601,11,서울특별시,11680,강남구,contain,서울교통공사,0,2024-12-31
seoul3-0347,대청,대청,대청,,3호선,I1103,seoul3,3호선,37.4936070,127.0795260,11,서울특별시,11680,강남구,contain,서울교통공사,0,2024-12-31
seoul3-0348,일원,일원,일원,,3호선,I1103,seoul3,3호선,37.4838900,127.0841600,11,서울특별시,11680,강남구,contain,서울교통공사,0,2024-12-31
seoul3-0349,수서,수서,수서,,3호선,I1103,seoul3,3호선,37.4875000,127.1019240,11,서울특별시,11680,강남구,contain,서울교통공사,1,2024-12-31
seoul3-0350,가락시장,가락시장,가락시장,,3호선,I1103,seoul3,3호선,37.4923180,127.1177000,11,서울특별시,11710,송파구,contain,서울교통공사,1,2024-12-31
seoul3-0351,경찰병원,경찰병원,경찰병원,,3호선,I1103,seoul3,3호선,37.4957540,127.1241980,11,서울특별시,11710,송파구,contain,서울교통공사,0,2024-12-31
seoul3-0352,오금,오금,오금,,3호선,I1103,seoul3,3호선,37.5022880,127.1283440,11,서울특별시,11710,송파구,contain,서울교통공사,1,2024-12-31
seoul4-0409,불암산,불암산,불암산,,4호선,I1104,seoul4,4호선,37.6700900,127.0790040,11,서울특별시,11350,노원구,contain,서울교통공사,0,2024-12-31
seoul4-0410,상계,상계,상계,,4호선,I1104,seoul4,4호선,37.6605760,127.0731990,11,서울특별시,11350,노원구,contain,서울교통공사,0,2024-12-31
seoul4-0411,노원,노원,노원,,4호선,I1104,seoul4,4호선,37.6562740,127.0631830,11,서울특별시,11350,노원구,contain,서울교통공사,1,2024-12-31
seoul4-0412,창동,창동,창동,,4호선,I1104,seoul4,4호선,37.6533150,127.0483040,11,서울특별시,11320,도봉구,contain,서울교통공사,1,2024-12-31
seoul4-0413,쌍문,쌍문,쌍문,,4호선,I1104,seoul4,4호선,37.6482740,127.0343810,11,서울특별시,11320,도봉구,contain,서울교통공사,0,2024-12-31
seoul4-0414,수유(강북구청),수유(강북구청),수유,,4호선,I1104,seoul4,4호선,37.6377270,127.0253710,11,서울특별시,11305,강북구,contain,서울교통공사,0,2024-12-31
seoul4-0415,미아(서울사이버대학),미아(서울사이버대학),미아,,4호선,I1104,seoul4,4호선,37.6264350,127.0261510,11,서울특별시,11305,강북구,contain,서울교통공사,0,2024-12-31
seoul4-0416,미아사거리,미아사거리,미아사거리,,4호선,I1104,seoul4,4호선,37.6132760,127.0300830,11,서울특별시,11305,강북구,contain,서울교통공사,0,2024-12-31
seoul4-0417,길음,길음,길음,,4호선,I1104,seoul4,4호선,37.6033870,127.0250530,11,서울특별시,11290,성북구,contain,서울교통공사,0,2024-12-31
seoul4-0418,성신여대입구(돈암),성신여대입구(돈암),성신여대입구,,4호선,I1104,seoul4,4호선,37.5928820,127.0169080,11,서울특별시,11290,성북구,contain,서울교통공사,0,2024-12-31
seoul4-0419,한성대입구(삼선교),한성대입구(삼선교),한성대입구,,4호선,I1104,seoul4,4호선,37.5883800,127.0059510,11,서울특별시,11290,성북구,contain,서울교통공사,0,2024-12-31
seoul4-0420,혜화,혜화,혜화,,4호선,I1104,seoul4,4호선,37.5821160,127.0019290,11,서울특별시,11110,종로구,contain,서울교통공사,0,2024-12-31
seoul4-0421,동대문,동대문,동대문,,4호선,I1104,seoul4,4호선,37.5709900,127.0092500,11,서울특별시,11110,종로구,contain,서울교통공사,1,2024-12-31
seoul4-0422,동대문역사문화공원(DDP),동대문역사문화공원(DDP),동대문역사문화공원,,4호선,I1104,seoul4,4호선,37.5651410,127.0078080,11,서울특별시,11140,중구,contain,서울교통공사,1,2024-12-31
seoul4-0423,충무로,충무로,충무로,,4호선,I1104,seoul4,4호선,37.5613520,126.9945730,11,서울특별시,11140,중구,contain,서울교통공사,1,2024-12-31
seoul4-0424,명동,명동,명동,,4호선,I1104,seoul4,4호선,37.5609550,126.9862710,11,서울특별시,11140,중구,contain,서울교통공사,0,2024-12-31
seoul4-0425,회현(남대문시장),회현(남대문시장),회현,,4호선,I1104,seoul4,4호선,37.5586980,126.9783460,11,서울특별시,11140,중구,contain,서울교통공사,0,2024-12-31
seoul4-0426,서울역,서울역,서울,,4호선,I1104,seoul4,4호선,37.5531720,126.9727060,11,서울특별시,11170,용산구,contain,서울교통공사,1,2024-12-31
seoul4-0427,숙대입구(갈월),숙대입구(갈월),숙대입구,,4호선,I1104,seoul4,4호선,37.5447834,126.9721000,11,서울특별시,11170,용산구,contain,서울교통공사,0,2024-12-31
seoul4-0428,삼각지(전쟁기념관),삼각지(전쟁기념관),삼각지,,4호선,I1104,seoul4,4호선,37.5344570,126.9729920,11,서울특별시,11170,용산구,contain,서울교통공사,1,2024-12-31
seoul4-0429,신용산,신용산,신용산,,4호선,I1104,seoul4,4호선,37.5290900,126.9678800,11,서울특별시,11170,용산구,contain,서울교통공사,0,2024-12-31
seoul4-0430,이촌(국립중앙박물관),이촌(국립중앙박물관),이촌,,4호선,I1104,seoul4,4호선,37.5223440,126.9744490,11,서울특별시,11170,용산구,contain,서울교통공사,1,2024-12-31
seoul4-0431,동작(현충원),동작(현충원),동작,,4호선,I1104,seoul4,4호선,37.5035670,126.9801710,11,서울특별시,11590,동작구,contain,서울교통공사,1,2024-12-31
seoul4-0432,총신대입구(이수),총신대입구(이수),총신대입구,,4호선,I1104,seoul4,4호선,37.4875210,126.9823090,11,서울특별시,11650,서초구,contain,서울교통공사,1,2024-12-31
seoul4-0433,사당,사당,사당,,4호선,I1104,seoul4,4호선,37.4762630,126.9816360,11,서울특별시,11620,관악구,contain,서울교통공사,1,2024-12-31
seoul4-0434,남태령,남태령,남태령,,4호선,I1104,seoul4,4호선,37.4643390,126.9890810,11,서울특별시,11650,서초구,contain,서울교통공사,0,2024-12-31
seoul5-0510,방화,방화,방화,,5호선,S1105,seoul5,5호선,37.5776690,126.8128220,11,서울특별시,11500,강서구,contain,서울교통공사,0,2024-12-31
seoul5-0511,개화산,개화산,개화산,,5호선,S1105,seoul5,5호선,37.5724580,126.8068380,11,서울특별시,11500,강서구,contain,서울교통공사,0,2024-12-31
seoul5-0512,김포공항,김포공항,김포공항,,5호선,S1105,seoul5,5호선,37.5621700,126.8012730,11,서울특별시,11500,강서구,contain,서울교통공사,1,2024-12-31
seoul5-0513,송정,송정,송정,,5호선,S1105,seoul5,5호선,37.5612010,126.8120520,11,서울특별시,11500,강서구,contain,서울교통공사,0,2024-12-31
seoul5-0514,마곡,마곡,마곡,,5호선,S1105,seoul5,5호선,37.5602030,126.8246990,11,서울특별시,11500,강서구,contain,서울교통공사,0,2024-12-31
seoul5-0515,발산,발산,발산,,5호선,S1105,seoul5,5호선,37.5586920,126.8376330,11,서울특별시,11500,강서구,contain,서울교통공사,0,2024-12-31
seoul5-0516,우장산,우장산,우장산,,5호선,S1105,seoul5,5호선,37.5488640,126.8363300,11,서울특별시,11500,강서구,contain,서울교통공사,0,2024-12-31
seoul5-0517,화곡,화곡,화곡,,5호선,S1105,seoul5,5호선,37.5415850,126.8404360,11,서울특별시,11500,강서구,contain,서울교통공사,0,2024-12-31
seoul5-0518,까치산,까치산,까치산,,5호선,S1105,seoul5,5호선,37.5322000,126.8464500,11,서울특별시,11500,강서구,contain,서울교통공사,1,2024-12-31
seoul5-0519,신정(은행정),신정(은행정),신정,,5호선,S1105,seoul5,5호선,37.5250010,126.8561760,11,서울특별시,11470,양천구,contain,서울교통공사,0,2024-12-31
seoul5-0520,목동,목동,목동,,5호선,S1105,seoul5,5호선,37.5260880,126.8642960,11,서울특별시,11470,양천구,contain,서울교통공사,0,2024-12-31
seoul5-0521,오목교(목동운동장앞),오목교(목동운동장앞),오목교,,5호선,S1105,seoul5,5호선,37.5245570,126.8750490,11,서울특별시,11470,양천구,contain,서울교통공사,0,2024-12-31
seoul5-0522,양평,양평,양평,,5호선,S1105,seoul5,5호선,37.5256140,126.8861770,11,서울특별시,11560,영등포구,contain,서울교통공사,0,2024-12-31
seoul5-0523,영등포구청,영등포구청,영등포구청,,5호선,S1105,seoul5,5호선,37.5242090,126.8950220,11,서울특별시,11560,영등포구,contain,서울교통공사,1,2024-12-31
seoul5-0524,영등포시장,영등포시장,영등포시장,,5호선,S1105,seoul5,5호선,37.5227600,126.9051430,11,서울특별시,11560,영등포구,contain,서울교통공사,0,2024-12-31
seoul5-0525,신길,신길,신길,,5호선,S1105,seoul5,5호선,37.5176300,126.9148860,11,서울특별시,11560,영등포구,contain,서울교통공사,1,2024-12-31
seoul5-0526,여의도,여의도,여의도,,5호선,S1105,seoul5,5호선,37.5216780,126.9243180,11,서울특별시,11560,영등포구,contain,서울교통공사,1,2024-12-31
seoul5-0527,여의나루,여의나루,여의나루,,5호선,S1105,seoul5,5호선,37.5270450,126.9328070,11,서울특별시,11560,영등포구,contain,서울교통공사,0,2024-12-31
seoul5-0528,마포,마포,마포,,5호선,S1105,seoul5,5호선,37.5397180,126.9460430,11,서울특별시,11440,마포구,contain,서울교통공사,0,2024-12-31
seoul5-0529,공덕,공덕,공덕,,5호선,S1105,seoul5,5호선,37.5440050,126.9510580,11,서울특별시,11440,마포구,contain,서울교통공사,1,2024-12-31
seoul5-0530,애오개,애오개,애오개,,5호선,S1105,seoul5,5호선,37.5535920,126.9567330,11,서울특별시,11440,마포구,contain,서울교통공사,0,2024-12-31
seoul5-0531,충정로(경기대입구),충정로(경기대입구),충정로,,5호선,S1105,seoul5,5호선,37.5600610,126.9627830,11,서울특별시,11410,서대문구,contain,서울교통공사,1,2024-12-31
seoul5-0532,서대문,서대문,서대문,,5호선,S1105,seoul5,5호선,37.5658120,126.9666390,11,서울특별시,11410,서대문구,contain,서울교통공사,0,2024-12-31
seoul5-0533,광화문(세종문화회관),광화문(세종문화회관),광화문,,5호선,S1105,seoul5,5호선,37.5716450,126.9765680,11,서울특별시,11110,종로구,contain,서울교통공사,0,2024-12-31
seoul5-0534,종로3가(탑골공원),종로3가(탑골공원),종로3가,,5호선,S1105,seoul5,5호선,37.5725460,126.9904470,11,서울특별시,11110,종로구,contain,서울교통공사,1,2024-12-31
seoul5-0535,을지로4가,을지로4가,을지로4가,,5호선,S1105,seoul5,5호선,37.5672800,126.9981270,11,서울특별시,11140,중구,contain,서울교통공사,1,2024-12-31
seoul5-0536,동대문역사문화공원(DDP),동대문역사문화공원(DDP),동대문역사문화공원,,5호선,S1105,seoul5,5호선,37.5646820,127.0053300,11,서울특별시,11140,중구,contain,서울교통공사,1,2024-12-31
seoul5-0537,청구,청구,청구,,5호선,S1105,seoul5,5호선,37.5602370,127.0137900,11,서울특별시,11140,중구,contain,서울교통공사,1,2024-12-31
seoul5-0538,신금호,신금호,신금호,,5호선,S1105,seoul5,5호선,37.5545040,127.0204030,11,서울특별시,11200,성동구,contain,서울교통공사,0,2024-12-31
seoul5-0539,행당,행당,행당,,5호선,S1105,seoul5,5호선,37.5572970,127.0294820,11,서울특별시,11200,성동구,contain,서울교통공사,0,2024-12-31
seoul5-0540,왕십리(성동구청),왕십리(성동구청),왕십리,,5호선,S1105,seoul5,5호선,37.5619700,127.0372640,11,서울특별시,11200,성동구,contain,서울교통공사,1,2024-12-31
seoul5-0541,마장,마장,마장,,5호선,S1105,seoul5,5호선,37.5660660,127.0429210,11,서울특별시,11200,성동구,contain,서울교통공사,0,2024-12-31
seoul5-0542,답십리,답십리,답십리,,5호선,S1105,seoul5,5호선,37.5668330,127.0526600,11,서울특별시,11200,성동구,contain,서울교통공사,0,2024-12-31
seoul5-0543,장한평,장한평,장한평,,5호선,S1105,seoul5,5호선,37.5614380,127.0646010,11,서울특별시,11230,동대문구,contain,서울교통공사,0,2024-12-31
seoul5-0544,군자(능동),군자(능동),군자,,5호선,S1105,seoul5,5호선,37.5571020,127.0795590,11,서울특별시,11215,광진구,contain,서울교통공사,1,2024-12-31
seoul5-0545,아차산(어린이대공원후문),아차산(어린이대공원후문),아차산,,5호선,S1105,seoul5,5호선,37.5520050,127.0896090,11,서울특별시,11215,광진구,contain,서울교통공사,0,2024-12-31
seoul5-0546,광나루(장신대),광나루(장신대),광나루,,5호선,S1105,seoul5,5호선,37.5453010,127.1034780,11,서울특별시,11215,광진구,contain,서울교통공사,0,2024-12-31
seoul5-0547,천호(풍납토성),천호(풍납토성),천호,,5호선,S1105,seoul5,5호선,37.5385660,127.1235390,11,서울특별시,11740,강동구,contain,서울교통공사,1,2024-12-31
seoul5-0548,강동,강동,강동,,5호선,S1105,seoul5,5호선,37.5358100,127.1324900,11,서울특별시,11740,강동구,contain,서울교통공사,0,2024-12-31
seoul5-0549,길동,길동,길동,,5호선,S1105,seoul5,5호선,37.5380220,127.1400850,11,서울특별시,11740,강동구,contain,서울교통공사,0,2024-12-31
seoul5-0550,굽은다리(강동구민회관앞),굽은다리(강동구민회관앞),굽은다리,,5호선,S1105,seoul5,5호선,37.5454420,127.1428440,11,서울특별시,11740,강동구,contain,서울교통공사,0,2024-12-31
seoul5-0551,명일,명일,명일,,5호선,S1105,seoul5,5호선,37.5513170,127.1440020,11,서울특별시,11740,강동구,contain,서울교통공사,0,2024-12-31
seoul5-0552,고덕,고덕,고덕,,5호선,S1105,seoul5,5호선,37.5550020,127.1542140,11,서울특별시,11740,강동구,contain,서울교통공사,0,2024-12-31
seoul5-0553,상일동,상일동,상일동,,5호선,S1105,seoul5,5호선,37.5567140,127.1663810,11,서울특별시,11740,강동구,contain,서울교통공사,0,2024-12-31
seoul5-0554,강일,강일,강일,,5호선,S1105,seoul5,5호선,37.5575210,127.1760180,11,서울특별시,11740,강동구,contain,서울교통공사,0,2024-12-31
seoul5-0555,미사,미사,미사,,5호선,S1105,seoul5,5호선,37.5630900,127.1929540,41,경기도,41450,하남시,contain,서울교통공사,0,2024-12-31
seoul5-0556,하남풍산,하남풍산,하남풍산,,5호선,S1105,seoul5,5호선,37.5522010,127.2038970,41,경기도,41450,하남시,contain,서울교통공사,0,2024-12-31
seoul5-0557,하남시청(덕풍∙신장),하남시청(덕풍.신장),하남시청,,5호선,S1105,seoul5,5호선,37.5417230,127.2069010,41,경기도,41450,하남시,contain,서울교통공사,0,2024-12-31
seoul5-0558,하남검단산,하남검단산,하남검단산,,5호선,S1105,seoul5,5호선,37.5397290,127.2234270,41,경기도,41450,하남시,contain,서울교통공사,0,2024-12-31
seoul6-0610,응암,응암,응암,,6호선,S1106,seoul6,6호선,37.5985900,126.9155830,11,서울특별시,11380,은평구,contain,서울교통공사,0,2024-12-31
seoul6-0611,역촌,역촌,역촌,,6호선,S1106,seoul6,6호선,37.6060500,126.9227640,11,서울특별시,11380,은평구,contain,서울교통공사,0,2024-12-31
seoul6-0612,불광,불광,불광,,6호선,S1106,seoul6,6호선,37.6109190,126.9295040,11,서울특별시,11380,은평구,contain,서울교통공사,1,2024-12-31
seoul6-0613,독바위,독바위,독바위,,6호선,S1106,seoul6,6호선,37.6184130,126.9330350,11,서울특별시,11380,은평구,contain,서울교통공사,0,2024-12-31
seoul6-0614,연신내,연신내,연신내,,6호선,S1106,seoul6,6호선,37.6184830,126.9204030,11,서울특별시,11380,은평구,contain,서울교통공사,1,2024-12-31
seoul6-0615,구산,구산,구산,,6호선,S1106,seoul6,6호선,37.6111960,126.9172519,11,서울특별시,11380,은평구,contain,서울교통공사,0,2024-12-31
seoul6-0616,새절(신사),새절(신사),새절,,6호선,S1106,seoul6,6호선,37.5911480,126.9136130,11,서울특별시,11380,은평구,contain,서울교통공사,0,2024-12-31
seoul6-0617,증산(명지대앞),증산(명지대앞),증산,,6호선,S1106,seoul6,6호선,37.5839890,126.9097850,11,서울특별시,11380,은평구,contain,서울교통공사,0,2024-12-31
seoul6-0618,디지털미디어시티,디지털미디어시티,디지털미디어시티,,6호선,S1106,seoul6,6호선,37.5760805,126.9013430,11,서울특별시,11440,마포구,contain,서울교통공사,1,2024-12-31
seoul6-0619,월드컵경기장(성산),월드컵경기장(성산),월드컵경기장,,6호선,S1106,seoul6,6호선,37.5694390,126.8990770,11,서울특별시,11440,마포구,contain,서울교통공사,0,2024-12-31
seoul6-0620,마포구청,마포구청,마포구청,,6호선,S1106,seoul6,6호선,37.5635290,126.9033560,11,서울특별시,11440,마포구,contain,서울교통공사,0,2024-12-31
seoul6-0621,망원,망원,망원,,6호선,S1106,seoul6,6호선,37.5560310,126.9101290,11,서울특별시,11440,마포구,contain,서울교통공사,0,2024-12-31
seoul6-0622,합정,합정,합정,,6호선,S1106,seoul6,6호선,37.5490330,126.9135460,11,서울특별시,11440,마포구,contain,서울교통공사,1,2024-12-31
seoul6-0623,상수,상수,상수,,6호선,S1106,seoul6,6호선,37.5477040,126.9229200,11,서울특별시,11440,마포구,contain,서울교통공사,0,2024-12-31
seoul6-0624,광흥창(서강),광흥창(서강),광흥창,,6호선,S1106,seoul6,6호선,37.5474640,126.9319710,11,서울특별시,11440,마포구,contain,서울교통공사,0,2024-12-31
seoul6-0625,대흥(서강대앞),대흥(서강대앞),대흥,,6호선,S1106,seoul6,6호선,37.5477320,126.9422140,11,서울특별시,11440,마포구,contain,서울교통공사,0,2024-12-31
seoul6-0626,공덕,공덕,공덕,,6호선,S1106,seoul6,6호선,37.5435920,126.9516640,11,서울특별시,11440,마포구,contain,서울교통공사,1,2024-12-31
seoul6-0627,효창공원앞,효창공원앞,효창공원앞,,6호선,S1106,seoul6,6호선,37.5392790,126.9613480,11,서울특별시,11170,용산구,contain,서울교통공사,1,2024-12-31
seoul6-0628,삼각지(전쟁기념관),삼각지(전쟁기념관),삼각지,,6호선,S1106,seoul6,6호선,37.5355630,126.9739960,11,서울특별시,11170,용산구,contain,서울교통공사,1,2024-12-31
seoul6-0629,녹사평(용산구청),녹사평(용산구청),녹사평,,6호선,S1106,seoul6,6호선,37.5346900,126.9866500,11,서울특별시,11170,용산구,contain,서울교통공사,0,2024-12-31
seoul6-0630,이태원,이태원,이태원,,6호선,S1106,seoul6,6호선,37.5344850,126.9943690,11,서울특별시,11170,용산구,contain,서울교통공사,0,2024-12-31
seoul6-0631,한강진,한강진,한강진,,6호선,S1106,seoul6,6호선,37.5395600,127.0017290,11,서울특별시,11170,용산구,contain,서울교통공사,0,2024-12-31
seoul6-0632,버티고개,버티고개,버티고개,,6호선,S1106,seoul6,6호선,37.5479330,127.0069480,11,서울특별시,11140,중구,contain,서울교통공사,0,2024-12-31
seoul6-0633,약수,약수,약수,,6호선,S1106,seoul6,6호선,37.5540870,127.0102370,11,서울특별시,11140,중구,contain,서울교통공사,1,2024-12-31
seoul6-0634,청구,청구,청구,,6호선,S1106,seoul6,6호선,37.5602210,127.0137760,11,서울특별시,11140,중구,contain,서울교통공사,1,2024-12-31
seoul6-0635,신당,신당,신당,,6호선,S1106,seoul6,6호선,37.5661740,127.0161580,11,서울특별시,11140,중구,contain,서울교통공사,1,2024-12-31
seoul6-0636,동묘앞,동묘앞,동묘앞,,6호선,S1106,seoul6,6호선,37.5722750,127.0156660,11,서울특별시,11110,종로구,contain,서울교통공사,1,2024-12-31
seoul6-0637,창신,창신,창신,,6호선,S1106,seoul6,6호선,37.5797720,127.0152460,11,서울특별시,11110,종로구,contain,서울교통공사,0,2024-12-31
seoul6-0638,보문,보문,보문,,6호선,S1106,seoul6,6호선,37.5854260,127.0197220,11,서울특별시,11290,성북구,contain,서울교통공사,0,2024-12-31
seoul6-0639,안암(고대병원앞),안암(고대병원앞),안암,,6호선,S1106,seoul6,6호선,37.5862610,127.0290300,11,서울특별시,11290,성북구,contain,서울교통공사,0,2024-12-31
seoul6-0640,고려대(종암),고려대(종암),고려대,,6호선,S1106,seoul6,6호선,37.5903400,127.0362600,11,서울특별시,11290,성북구,contain,서울교통공사,0,2024-12-31
seoul6-0641,월곡(동덕여대),월곡(동덕여대),월곡,,6호선,S1106,seoul6,6호선,37.6019200,127.0414920,11,서울특별시,11290,성북구,contain,서울교통공사,0,2024-12-31
seoul6-0642,상월곡(한국과학기술연구원),상월곡(한국과학기술연구원),상월곡,,6호선,S1106,seoul6,6호선,37.6063920,127.0485090,11,서울특별시,11290,성북구,contain,서울교통공사,0,2024-12-31
seoul6-0643,돌곶이,돌곶이,돌곶이,,6호선,S1106,seoul6,6호선,37.6105220,127.0564190,11,서울특별시,11290,성북구,contain,서울교통공사,0,2024-12-31
seoul6-0644,석계,석계,석계,,6호선,S1106,seoul6,6호선,37.6149370,127.0659220,11,서울특별시,11350,노원구,contain,서울교통공사,1,2024-12-31
seoul6-0645,태릉입구,태릉입구,태릉입구,,6호선,S1106,seoul6,6호선,37.6173190,127.0747410,11,서울특별시,11350,노원구,contain,서울교통공사,1,2024-12-31
seoul6-0646,화랑대(서울여대입구),화랑대(서울여대입구),화랑대,,6호선,S1106,seoul6,6호선,37.6198750,127.0841060,11,서울특별시,11350,노원구,contain,서울교통공사,0,2024-12-31
seoul6-0647,봉화산(서울의료원),봉화산(서울의료원),봉화산,,6호선,S1106,seoul6,6호선,37.6174290,127.0912326,11,서울특별시,11260,중랑구,contain,서울교통공사,0,2024-12-31
seoul6-0648,신내,신내,신내,,6호선,S1106,seoul6,6호선,37.6125710,127.1043260,11,서울특별시,11260,중랑구,contain,서울교통공사,0,2024-12-31
seoul7-0709,장암,장암,장암,,7호선,S1107,seoul7,7호선,37.7001500,127.0531260,41,경기도,41150,의정부시,contain,서울교통공사,0,2024-12-31
seoul7-0710,도봉산,도봉산,도봉산,,7호선,S1107,seoul7,7호선,37.6891310,127.0465480,11,서울특별시,11320,도봉구,contain,서울교통공사,1,2024-12-31
seoul7-0711,수락산,수락산,수락산,,7호선,S1107,seoul7,7호선,37.6778040,127.0553140,11,서울특별시,11350,노원구,contain,서울교통공사,0,2024-12-31
seoul7-0712,마들,마들,마들,,7호선,S1107,seoul7,7호선,37.6649850,127.0577010,11,서울특별시,11350,노원구,contain,서울교통공사,0,2024-12-31
seoul7-0713,노원,노원,노원,,7호선,S1107,seoul7,7호선,37.6544780,127.0605550,11,서울특별시,11350,노원구,contain,서울교통공사,1,2024-12-31
seoul7-0714,중계,중계,중계,,7호선,S1107,seoul7,7호선,37.6450520,127.0640840,11,서울특별시,11350,노원구,contain,서울교통공사,0,2024-12-31
seoul7-0715,하계,하계,하계,,7호선,S1107,seoul7,7호선,37.6363630,127.0679990,11,서울특별시,11350,노원구,contain,서울교통공사,0,2024-12-31
seoul7-0716,공릉(서울과학기술대),공릉(서울과학기술대),공릉,,7호선,S1107,seoul7,7호선,37.6256420,127.0729690,11,서울특별시,11350,노원구,contain,서울교통공사,0,2024-12-31
seoul7-0717,태릉입구,태릉입구,태릉입구,,7호선,S1107,seoul7,7호선,37.6185190,127.0753610,11,서울특별시,11350,노원구,contain,서울교통공사,1,2024-12-31
seoul7-0718,먹골,먹골,먹골,,7호선,S1107,seoul7,7호선,37.6106380,127.0777190,11,서울특별시,11260,중랑구,contain,서울교통공사,0,2024-12-31
seoul7-0719,중화,중화,중화,,7호선,S1107,seoul7,7호선,37.6026040,127.0792540,11,서울특별시,11260,중랑구,contain,서울교통공사,0,2024-12-31
seoul7-0720,상봉,상봉,상봉,,7호선,S1107,seoul7,7호선,37.5956730,127.0857080,11,서울특별시,11260,중랑구,contain,서울교통공사,1,2024-12-31
seoul7-0721,면목,면목,면목,,7호선,S1107,seoul7,7호선,37.5886710,127.0875030,11,서울특별시,11260,중랑구,contain,서울교통공사,0,2024-12-31
seoul7-0722,사가정,사가정,사가정,,7호선,S1107,seoul7,7호선,37.5809120,127.0885020,11,서울특별시,11260,중랑구,contain,서울교통공사,0,2024-12-31
seoul7-0723,용마산(용마폭포공원),용마산(용마폭포공원),용마산,,7호선,S1107,seoul7,7호선,37.5737520,127.0868020,11,서울특별시,11260,중랑구,contain,서울교통공사,0,2024-12-31
seoul7-0724,중곡,중곡,중곡,,7호선,S1107,seoul7,7호선,37.5658770,127.0842910,11,서울특별시,11215,광진구,contain,서울교통공사,0,2024-12-31
seoul7-0725,군자(능동),군자(능동),군자,,7호선,S1107,seoul7,7호선,37.5571510,127.0794840,11,서울특별시,11215,광진구,contain,서울교통공사,1,2024-12-31
seoul7-0726,어린이대공원(세종대),어린이대공원(세종대),어린이대공원,,7호선,S1107,seoul7,7호선,37.5479620,127.0746500,11,서울특별시,11215,광진구,contain,서울교통공사,0,2024-12-31
seoul7-0727,건대입구,건대입구,건대입구,,7호선,S1107,seoul7,7호선,37.5408820,127.0711030,11,서울특별시,11215,광진구,contain,서울교통공사,1,2024-12-31
seoul7-0728,자양(뚝섬한강공원),자양(뚝섬한강공원),자양,,7호선,S1107,seoul7,7호선,37.5315580,127.0667140,11,서울특별시,11215,광진구,contain,서울교통공사,0,2024-12-31
seoul7-0729,청담,청담,청담,,7호선,S1107,seoul7,7호선,37.5190970,127.0518510,11,서울특별시,11680,강남구,contain,서울교통공사,0,2024-12-31
seoul7-0730,강남구청,강남구청,강남구청,,7호선,S1107,seoul7,7호선,37.5171850,127.0412200,11,서울특별시,11680,강남구,contain,서울교통공사,1,2024-12-31
seoul7-0731,학동,학동,학동,,7호선,S1107,seoul7,7호선,37.5142620,127.0317380,11,서울특별시,11680,강남구,contain,서울교통공사,0,2024-12-31
seoul7-0732,논현,논현,논현,,7호선,S1107,seoul7,7호선,37.5111080,127.0213850,11,서울특별시,11680,강남구,contain,서울교통공사,0,2024-12-31
seoul7-0733,반포,반포,반포,,7호선,S1107,seoul7,7호선,37.5081710,127.0117170,11,서울특별시,11650,서초구,contain,서울교통공사,0,2024-12-31
seoul7-0734,고속터미널,고속터미널,고속터미널,,7호선,S1107,seoul7,7호선,37.5033870,127.0050550,11,서울특별시,11650,서초구,contain,서울교통공사,1,2024-12-31
seoul7-0735,내방,내방,내방,,7호선,S1107,seoul7,7호선,37.4876400,126.9935410,11,서울특별시,11650,서초구,contain,서울교통공사,0,2024-12-31
seoul7-0736,이수,이수,이수,총신대입구(이수),7호선,S1107,seoul7,7호선,37.4852580,126.9817660,11,서울특별시,11590,동작구,contain,서울교통공사,1,2025-12-31
seoul7-0737,남성,남성,남성,,7호선,S1107,seoul7,7호선,37.4846880,126.9711080,11,서울특별시,11590,동작구,contain,서울교통공사,0,2024-12-31
seoul7-0738,숭실대입구(살피재),숭실대입구(살피재),숭실대입구,,7호선,S1107,seoul7,7호선,37.4962580,126.9536490,11,서울특별시,11590,동작구,contain,서울교통공사,0,2024-12-31
seoul7-0739,상도,상도,상도,,7호선,S1107,seoul7,7호선,37.5027900,126.9479490,11,서울특별시,11590,동작구,contain,서울교통공사,0,2024-12-31
seoul7-0740,장승배기,장승배기,장승배기,,7호선,S1107,seoul7,7호선,37.5048450,126.9390250,11,서울특별시,11590,동작구,contain,서울교통공사,0,2024-12-31
seoul7-0741,신대방삼거리,신대방삼거리,신대방삼거리,,7호선,S1107,seoul7,7호선,37.4997170,126.9282180,11,서울특별시,11590,동작구,contain,서울교통공사,0,2024-12-31
seoul7-0742,보라매,보라매,보라매,,7호선,S1107,seoul7,7호선,37.4999160,126.9201120,11,서울특별시,11560,영등포구,contain,서울교통공사,0,2024-12-31
seoul7-0743,신풍,신풍,신풍,,7호선,S1107,seoul7,7호선,37.5001070,126.9098060,11,서울특별시,11560,영등포구,contain,서울교통공사,0,2024-12-31
seoul7-0744,대림(구로구청),대림(구로구청),대림,,7호선,S1107,seoul7,7호선,37.4929840,126.8969970,11,서울특별시,11560,영등포구,contain,서울교통공사,1,2024-12-31
seoul7-0745,남구로,남구로,남구로,,7호선,S1107,seoul7,7호선,37.4861810,126.8873720,11,서울특별시,11530,구로구,contain,서울교통공사,0,2024-12-31
seoul7-0746,가산디지털단지,가산디지털단지,가산디지털단지,,7호선,S1107,seoul7,7호선,37.4803760,126.8827040,11,서울특별시,11545,금천구,contain,서울교통공사,1,2024-12-31
seoul7-0747,철산,철산,철산,,7호선,S1107,seoul7,7호선,37.4761600,126.8682170,41,경기도,41210,광명시,contain,서울교통공사,0,2024-12-31
seoul7-0748,광명사거리,광명사거리,광명사거리,,7호선,S1107,seoul7,7호선,37.4792700,126.8548540,41,경기도,41210,광명시,contain,서울교통공사,0,2024-12-31
seoul7-0749,천왕,천왕,천왕,,7호선,S1107,seoul7,7호선,37.4866990,126.8386840,11,서울특별시,11530,구로구,contain,서울교통공사,0,2024-12-31
seoul7-0750,온수(성공회대입구),온수(성공회대입구),온수,,7호선,S1107,seoul7,7호선,37.4920590,126.8232940,11,서울특별시,11530,구로구,contain,서울교통공사,1,2024-12-31
seoul8-0809,암사역사공원,암사역사공원,암사역사공원,,8호선,S1108,seoul8,8호선,37.5571670,127.1375560,11,서울특별시,11740,강동구,contain,서울교통공사,0,2024-12-31
seoul8-0810,암사,암사,암사,,8호선,S1108,seoul8,8호선,37.5501270,127.1275210,11,서울특별시,11740,강동구,contain,서울교통공사,0,2024-12-31
seoul8-0811,천호(풍납토성),천호(풍납토성),천호,,8호선,S1108,seoul8,8호선,37.5379200,127.1231790,11,서울특별시,11740,강동구,contain,서울교통공사,1,2024-12-31
seoul8-0812,강동구청,강동구청,강동구청,,8호선,S1108,seoul8,8호선,37.5303480,127.1204610,11,서울특별시,11740,강동구,contain,서울교통공사,0,2024-12-31
seoul8-0813,몽촌토성(평화의문),몽촌토성(평화의문),몽촌토성,,8호선,S1108,seoul8,8호선,37.5176920,127.1127400,11,서울특별시,11710,송파구,contain,서울교통공사,0,2024-12-31
seoul8-0814,잠실(송파구청),잠실(송파구청),잠실,,8호선,S1108,seoul8,8호선,37.5146490,127.1042670,11,서울특별시,11710,송파구,contain,서울교통공사,1,2024-12-31
seoul8-0815,석촌,석촌,석촌,,8호선,S1108,seoul8,8호선,37.5053960,127.1069950,11,서울특별시,11710,송파구,contain,서울교통공사,0,2024-12-31
seoul8-0816,송파,송파,송파,,8호선,S1108,seoul8,8호선,37.4997800,127.1121200,11,서울특별시,11710,송파구,contain,서울교통공사,0,2024-12-31
seoul8-0817,가락시장,가락시장,가락시장,,8호선,S1108,seoul8,8호선,37.4930040,127.1182790,11,서울특별시,11710,송파구,contain,서울교통공사,1,2024-12-31
seoul8-0818,문정,문정,문정,,8호선,S1108,seoul8,8호선,37.4859310,127.1224730,11,서울특별시,11710,송파구,contain,서울교통공사,0,2024-12-31
seoul8-0819,장지,장지,장지,,8호선,S1108,seoul8,8호선,37.4786090,127.1262290,11,서울특별시,11710,송파구,contain,서울교통공사,0,2024-12-31
seoul8-0820,복정,복정,복정,,8호선,S1108,seoul8,8호선,37.4710160,127.1267460,11,서울특별시,11710,송파구,contain,서울교통공사,1,2024-12-31
seoul8-0821,남위례,남위례,남위례,,8호선,S1108,seoul8,8호선,37.4628390,127.1390470,41,경기도,41130,성남시,contain,서울교통공사,0,2024-12-31
seoul8-0822,산성,산성,산성,,8호선,S1108,seoul8,8호선,37.4568860,127.1499270,41,경기도,41130,성남시,contain,서울교통공사,0,2024-12-31
seoul8-0823,남한산성입구(성남법원·검찰청),남한산성입구(성남법원.검찰청),남한산성입구,,8호선,S1108,seoul8,8호선,37.4515680,127.1598450,41,경기도,41130,성남시,contain,서울교통공사,0,2024-12-31
seoul8-0824,단대오거리,단대오거리,단대오거리,,8호선,S1108,seoul8,8호선,37.4450570,127.1567350,41,경기도,41130,성남시,contain,서울교통공사,0,2024-12-31
seoul8-0825,신흥,신흥,신흥,,8호선,S1108,seoul8,8호선,37.4409520,127.1475900,41,경기도,41130,성남시,contain,서울교통공사,0,2024-12-31
seoul8-0826,수진,수진,수진,,8호선,S1108,seoul8,8호선,37.4375750,127.1409360,41,경기도,41130,성남시,contain,서울교통공사,0,2024-12-31
seoul8-0827,모란,모란,모란,,8호선,S1108,seoul8,8호선,37.4339880,127.1299210,41,경기도,41130,성남시,contain,서울교통공사,1,2024-12-31
seoul2-2111,용답,용답,용답,,2호선,S1121,seoul2,2호선,37.5620660,127.0508786,11,서울특별시,11200,성동구,contain,서울교통공사,0,2024-12-31
seoul2-2112,신답,신답,신답,,2호선,S1121,seoul2,2호선,37.5698470,127.0470480,11,서울특별시,11200,성동구,contain,서울교통공사,0,2024-12-31
seoul2-2113,용두(동대문구청),용두(동대문구청),용두,,2호선,S1121,seoul2,2호선,37.5740120,127.0381100,11,서울특별시,11230,동대문구,contain,서울교통공사,0,2024-12-31
seoul2-2114,신설동,신설동,신설동,,2호선,S1121,seoul2,2호선,37.5746530,127.0251580,11,서울특별시,11230,동대문구,contain,서울교통공사,0,2024-12-31
seoul2-2341,도림천,도림천,도림천,,2호선,S1122,seoul2,2호선,37.5145589,126.8825860,11,서울특별시,11530,구로구,contain,서울교통공사,0,2024-12-31
seoul2-2342,양천구청,양천구청,양천구청,,2호선,S1122,seoul2,2호선,37.5123294,126.8655930,11,서울특별시,11470,양천구,contain,서울교통공사,0,2024-12-31
seoul2-2343,신정네거리,신정네거리,신정네거리,,2호선,S1122,seoul2,2호선,37.5202180,126.8528490,11,서울특별시,11470,양천구,contain,서울교통공사,0,2024-12-31
seoul5-P549,둔촌동,둔촌동,둔촌동,,5호선,S1105,seoul5,5호선,37.5277870,127.1362190,11,서울특별시,11740,강동구,contain,서울교통공사,0,2024-12-31
seoul5-P550,올림픽공원(한국체대),올림픽공원(한국체대),올림픽공원,,5호선,S1105,seoul5,5호선,37.5162170,127.1309570,11,서울특별시,11710,송파구,contain,서울교통공사,0,2024-12-31
seoul5-P551,방이,방이,방이,,5호선,S1105,seoul5,5호선,37.5087520,127.1260540,11,서울특별시,11710,송파구,contain,서울교통공사,0,2024-12-31
seoul5-P552,오금,오금,오금,,5호선,S1105,seoul5,5호선,37.5022280,127.1277010,11,서울특별시,11710,송파구,contain,서울교통공사,1,2024-12-31
seoul5-P553,개롱,개롱,개롱,,5호선,S1105,seoul5,5호선,37.4980970,127.1348170,11,서울특별시,11710,송파구,contain,서울교통공사,0,2024-12-31
seoul5-P554,거여,거여,거여,,5호선,S1105,seoul5,5호선,37.4932080,127.1439830,11,서울특별시,11710,송파구,contain,서울교통공사,0,2024-12-31
seoul5-P555,마천,마천,마천,,5호선,S1105,seoul5,5호선,37.4949720,127.1527840,11,서울특별시,11710,송파구,contain,서울교통공사,0,2024-12-31
metro9-4126,언주,언주,언주,,수도권 도시철도 9호선,S1109,metro9,9호선,37.5072870,127.0338680,11,서울특별시,11680,강남구,contain,서울시메트로9호선㈜,0,
metro9-4127,선정릉,선정릉,선정릉,,수도권 도시철도 9호선,S1109,metro9,9호선,37.5102800,127.0437593,11,서울특별시,11680,강남구,contain,서울시메트로9호선㈜,1,
metro9-4128,삼성중앙,삼성중앙,삼성중앙,,수도권 도시철도 9호선,S1109,metro9,9호선,37.5130110,127.0532820,11,서울특별시,11680,강남구,contain,서울시메트로9호선㈜,0,
metro9-4129,봉은사,봉은사,봉은사,,수도권 도시철도 9호선,S1109,metro9,9호선,37.5142190,127.0602450,11,서울특별시,11680,강남구,contain,서울시메트로9호선㈜,0,
metro9-4130,종합운동장,종합운동장,종합운동장,,수도권 도시철도 9호선,S1109,metro9,9호선,37.5111560,127.0769170,11,서울특별시,11710,송파구,contain,서울시메트로9호선㈜,1,
metro9-4131,삼전,삼전,삼전,,수도권 도시철도 9호선,S1109,metro9,9호선,37.5045310,127.0872110,11,서울특별시,11710,송파구,contain,서울시메트로9호선㈜,0,
metro9-4132,석촌고분,석촌고분,석촌고분,,수도권 도시철도 9호선,S1109,metro9,9호선,37.5024390,127.0966110,11,서울특별시,11710,송파구,contain,서울시메트로9호선㈜,0,
metro9-4133,석촌,석촌,석촌,,수도권 도시철도 9호선,S1109,metro9,9호선,37.5050780,127.1069440,11,서울특별시,11710,송파구,contain,서울시메트로9호선㈜,1,
metro9-4134,송파나루,송파나루,송파나루,,수도권 도시철도 9호선,S1109,metro9,9호선,37.5105500,127.1124510,11,서울특별시,11710,송파구,contain,서울시메트로9호선㈜,0,
metro9-4135,한성백제,한성백제,한성백제,,수도권 도시철도 9호선,S1109,metro9,9호선,37.5163690,127.1162110,11,서울특별시,11710,송파구,contain,서울시메트로9호선㈜,0,
metro9-4136,올림픽공원(한국체대),올림픽공원(한국체대),올림픽공원,,수도권 도시철도 9호선,S1109,metro9,9호선,37.5161110,127.1303330,11,서울특별시,11710,송파구,contain,서울시메트로9호선㈜,1,
metro9-4137,둔촌오륜,둔촌오륜,둔촌오륜,,수도권 도시철도 9호선,S1109,metro9,9호선,37.5193390,127.1386190,11,서울특별시,11710,송파구,contain,서울시메트로9호선㈜,0,
metro9-4138,중앙보훈병원,중앙보훈병원,중앙보훈병원,,수도권 도시철도 9호선,S1109,metro9,9호선,37.5288070,127.1484880,11,서울특별시,11740,강동구,contain,서울시메트로9호선㈜,0,
seoul9-4101,개화,개화,개화,,서울 도시철도 9호선,S1109,seoul9,9호선,37.5785910,126.7978330,11,서울특별시,11500,강서구,contain,서울특별시 서울시메트로9호선㈜,0,2024-02-29
seoul9-4102,김포공항,김포공항,김포공항,,서울 도시철도 9호선,S1109,seoul9,9호선,37.5620560,126.8016330,11,서울특별시,11500,강서구,contain,서울특별시 서울시메트로9호선㈜,1,2024-08-31
seoul9-4103,공항시장,공항시장,공항시장,,서울 도시철도 9호선,S1109,seoul9,9호선,37.5637260,126.8106780,11,서울특별시,11500,강서구,contain,서울특별시 서울시메트로9호선㈜,0,2024-02-29
seoul9-4104,신방화,신방화,신방화,,서울 도시철도 9호선,S1109,seoul9,9호선,37.5675000,126.8166670,11,서울특별시,11500,강서구,contain,서울특별시 서울시메트로9호선㈜,0,2024-02-29
seoul9-4105,마곡나루(서울식물원),마곡나루(서울식물원),마곡나루,,서울 도시철도 9호선,S1109,seoul9,9호선,37.5667170,126.8276071,11,서울특별시,11500,강서구,contain,서울특별시 서울시메트로9호선㈜,1,2025-03-31
seoul9-4106,양천향교,양천향교,양천향교,,서울 도시철도 9호선,S1109,seoul9,9호선,37.5683330,126.8413890,11,서울특별시,11500,강서구,contain,서울특별시 서울시메트로9호선㈜,0,2024-02-29
seoul9-4107,가양,가양,가양,,서울 도시철도 9호선,S1109,seoul9,9호선,37.5611110,126.8550780,11,서울특별시,11500,강서구,contain,서울특별시 서울시메트로9호선㈜,0,2024-02-29
seoul9-4108,증미,증미,증미,,서울 도시철도 9호선,S1109,seoul9,9호선,37.5578500,126.8610670,11,서울특별시,11500,강서구,contain,서울특별시 서울시메트로9호선㈜,0,2024-02-29
seoul9-4109,등촌,등촌,등촌,,서울 도시철도 9호선,S1109,seoul9,9호선,37.5511110,126.8647220,11,서울특별시,11500,강서구,contain,서울특별시 서울시메트로9호선㈜,0,2024-02-29
seoul9-4110,염창,염창,염창,,서울 도시철도 9호선,S1109,seoul9,9호선,37.5469440,126.8747220,11,서울특별시,11470,양천구,contain,서울특별시 서울시메트로9호선㈜,0,2024-02-29
seoul9-4111,신목동,신목동,신목동,,서울 도시철도 9호선,S1109,seoul9,9호선,37.5441670,126.8830560,11,서울특별시,11470,양천구,contain,서울특별시 서울시메트로9호선㈜,0,2024-02-29
seoul9-4112,선유도,선유도,선유도,,서울 도시철도 9호선,S1109,seoul9,9호선,37.5377780,126.8938890,11,서울특별시,11560,영등포구,contain,서울특별시 서울시메트로9호선㈜,0,2024-02-29
seoul9-4113,당산,당산,당산,,서울 도시철도 9호선,S1109,seoul9,9호선,37.5338440,126.9022220,11,서울특별시,11560,영등포구,contain,서울특별시 서울시메트로9호선㈜,1,2025-09-30
seoul9-4114,국회의사당,국회의사당,국회의사당,,서울 도시철도 9호선,S1109,seoul9,9호선,37.5281050,126.9178740,11,서울특별시,11560,영등포구,contain,서울특별시 서울시메트로9호선㈜,0,2024-02-29
seoul9-4115,여의도,여의도,여의도,,서울 도시철도 9호선,S1109,seoul9,9호선,37.5217440,126.9241670,11,서울특별시,11560,영등포구,contain,서울특별시 서울시메트로9호선㈜,1,2024-02-29
seoul9-4116,샛강,샛강,샛강,,서울 도시철도 9호선,S1109,seoul9,9호선,37.5173000,126.9284000,11,서울특별시,11560,영등포구,contain,서울특별시 서울시메트로9호선㈜,1,2024-08-31
seoul9-4117,노량진,노량진,노량진,,서울 도시철도 9호선,S1109,seoul9,9호선,37.5136670,126.9409170,11,서울특별시,11590,동작구,contain,서울특별시 서울시메트로9호선㈜,1,2024-02-29
seoul9-4118,노들,노들,노들,,서울 도시철도 9호선,S1109,seoul9,9호선,37.5127260,126.9530960,11,서울특별시,11590,동작구,contain,서울특별시 서울시메트로9호선㈜,0,2024-08-31
seoul9-4119,흑석(중앙대입구),흑석(중앙대입구),흑석,,서울 도시철도 9호선,S1109,seoul9,9호선,37.5088890,126.9636110,11,서울특별시,11590,동작구,contain,서울특별시 서울시메트로9호선㈜,0,2024-05-31
seoul9-4120,동작(현충원),동작(현충원),동작,,서울 도시철도 9호선,S1109,seoul9,9호선,37.5028780,126.9782780,11,서울특별시,11590,동작구,contain,서울특별시 서울시메트로9호선㈜,1,2024-05-31
seoul9-4121,구반포,구반포,구반포,,서울 도시철도 9호선,S1109,seoul9,9호선,37.5013890,126.9872220,11,서울특별시,11650,서초구,contain,서울특별시 서울시메트로9호선㈜,0,2024-02-29
seoul9-4122,신반포,신반포,신반포,,서울 도시철도 9호선,S1109,seoul9,9호선,37.5035033,126.9960440,11,서울특별시,11650,서초구,contain,서울특별시 서울시메트로9호선㈜,0,2024-02-29
seoul9-4123,고속터미널,고속터미널,고속터미널,,서울 도시철도 9호선,S1109,seoul9,9호선,37.5059330,127.0040440,11,서울특별시,11650,서초구,contain,서울특별시 서울시메트로9호선㈜,1,2024-08-31
seoul9-4124,사평,사평,사평,,서울 도시철도 9호선,S1109,seoul9,9호선,37.5041610,127.0152190,11,서울특별시,11650,서초구,contain,서울특별시 서울시메트로9호선㈜,0,2024-02-29
seoul9-4125,신논현,신논현,신논현,,서울 도시철도 9호선,S1109,seoul9,9호선,37.5044440,127.0244170,11,서울특별시,11650,서초구,contain,서울특별시 서울시메트로9호선㈜,1,2024-02-29
uisinseol-S110,북한산우이,북한산우이,북한산우이,,우이신설선,L11UI,uisinseol,우이신설선,37.6628400,127.0127200,11,서울특별시,11305,강북구,contain,우이신설경전철운영㈜,0,2022-05-25
uisinseol-S111,솔밭공원,솔밭공원,솔밭공원,,우이신설선,L11UI,uisinseol,우이신설선,37.6560700,127.0132600,11,서울특별시,11305,강북구,contain,우이신설경전철운영㈜,0,2022-05-25
uisinseol-S112,4.19민주묘지,4.19민주묘지,419민주묘지,,우이신설선,L11UI,uisinseol,우이신설선,37.6495400,127.0137100,11,서울특별시,11305,강북구,contain,우이신설경전철운영㈜,0,2022-05-25
uisinseol-S113,가오리,가오리,가오리,,우이신설선,L11UI,uisinseol,우이신설선,37.6416200,127.0168100,11,서울특별시,11305,강북구,contain,우이신설경전철운영㈜,0,2022-05-25
uisinseol-S114,화계,화계,화계,,우이신설선,L11UI,uisinseol,우이신설선,37.6342800,127.0175000,11,서울특별시,11305,강북구,contain,우이신설경전철운영㈜,0,2022-05-25
uisinseol-S115,삼양,삼양,삼양,,우이신설선,L11UI,uisinseol,우이신설선,37.6270600,127.0181700,11,서울특별시,11305,강북구,contain,우이신설경전철운영㈜,0,2022-05-25
uisinseol-S116,삼양사거리,삼양사거리,삼양사거리,,우이신설선,L11UI,uisinseol,우이신설선,37.6214400,127.0204900,11,서울특별시,11305,강북구,contain,우이신설경전철운영㈜,0,2022-05-25
uisinseol-S117,솔샘,솔샘,솔샘,,우이신설선,L11UI,uisinseol,우이신설선,37.6203700,127.0135700,11,서울특별시,11305,강북구,contain,우이신설경전철운영㈜,0,2022-05-25
uisinseol-S118,북한산보국문,북한산보국문,북한산보국문,,우이신설선,L11UI,uisinseol,우이신설선,37.6123300,127.0081600,11,서울특별시,11290,성북구,contain,우이신설경전철운영㈜,0,2022-05-25
uisinseol-S119,정릉,정릉,정릉,,우이신설선,L11UI,uisinseol,우이신설선,37.6027800,127.0134500,11,서울특별시,11290,성북구,contain,우이신설경전철운영㈜,0,2022-12-08
uisinseol-S120,성신여대입구,성신여대입구,성신여대입구,,우이신설선,L11UI,uisinseol,우이신설선,37.5924700,127.0165600,11,서울특별시,11290,성북구,contain,우이신설경전철운영㈜,1,2022-05-25
uisinseol-S121,보문,보문,보문,,우이신설선,L11UI,uisinseol,우이신설선,37.5855100,127.0193900,11,서울특별시,11290,성북구,contain,우이신설경전철운영㈜,1,2022-05-25
uisinseol-S122,신설동,신설동,신설동,,우이신설선,L11UI,uisinseol,우이신설선,37.5765900,127.0232210,11,서울특별시,11230,동대문구,contain,우이신설경전철운영㈜,1,2022-05-25
uijeongbu-U110,발곡,발곡,발곡,,의정부,L41U1,uijeongbu,의정부경전철,37.7269830,127.0528890,41,경기도,41150,의정부시,contain,의정부경량전철㈜,0,2023-09-04
uijeongbu-U111,회룡,회룡,회룡,,의정부,L41U1,uijeongbu,의정부경전철,37.7250526,127.0467864,41,경기도,41150,의정부시,contain,의정부경량전철㈜,1,2023-09-04
uijeongbu-U112,범골,범골,범골,,의정부,L41U1,uijeongbu,의정부경전철,37.7287279,127.0437202,41,경기도,41150,의정부시,contain,의정부경량전철㈜,0,2023-09-04
uijeongbu-U113,경전철의정부,경전철의정부,경전철의정부,,의정부,L41U1,uijeongbu,의정부경전철,37.7372997,127.0433210,41,경기도,41150,의정부시,contain,의정부경량전철㈜,0,2023-09-04
uijeongbu-U114,의정부시청,의정부시청,의정부시청,,의정부,L41U1,uijeongbu,의정부경전철,37.7392487,127.0348540,41,경기도,41150,의정부시,contain,의정부경량전철㈜,0,2023-09-04
uijeongbu-U115,흥선,흥선,흥선,,의정부,L41U1,uijeongbu,의정부경전철,37.7432249,127.0371765,41,경기도,41150,의정부시,contain,의정부경량전철㈜,0,2023-09-04
uijeongbu-U117,의정부중앙,의정부중앙,의정부중앙,,의정부,L41U1,uijeongbu,의정부경전철,37.7437190,127.0496332,41,경기도,41150,의정부시,contain,의정부경량전철㈜,0,2023-09-04
uijeongbu-U118,동오,동오,동오,,의정부,L41U1,uijeongbu,의정부경전철,37.7451912,127.0570300,41,경기도,41150,의정부시,contain,의정부경량전철㈜,0,2023-09-04
uijeongbu-U119,새말,새말,새말,,의정부,L41U1,uijeongbu,의정부경전철,37.7488994,127.0638690,41,경기도,41150,의정부시,contain,의정부경량전철㈜,0,2023-09-04
uijeongbu-U120,경기도청북부청사,경기도청북부청사,경기도청북부청사,,의정부,L41U1,uijeongbu,의정부경전철,37.7507321,127.0714795,41,경기도,41150,의정부시,contain,의정부경량전철㈜,0,2023-09-04
uijeongbu-U121,효자,효자,효자,,의정부,L41U1,uijeongbu,의정부경전철,37.7539845,127.0773155,41,경기도,41150,의정부시,contain,의정부경량전철㈜,0,2023-09-04
uijeongbu-U122,곤제,곤제,곤제,,의정부,L41U1,uijeongbu,의정부경전철,37.7505434,127.0838651,41,경기도,41150,의정부시,contain,의정부경량전철㈜,0,2023-09-04
uijeongbu-U123,어룡,어룡,어룡,,의정부,L41U1,uijeongbu,의정부경전철,37.7427218,127.0852045,41,경기도,41150,의정부시,contain,의정부경량전철㈜,0,2023-09-04
uijeongbu-U124,송산,송산,송산,,의정부,L41U1,uijeongbu,의정부경전철,37.7371698,127.0872755,41,경기도,41150,의정부시,contain,의정부경량전철㈜,0,2023-09-04
uijeongbu-U125,탑석,탑석,탑석,,의정부,L41U1,uijeongbu,의정부경전철,37.7335536,127.0889064,41,경기도,41150,의정부시,contain,의정부경량전철㈜,0,2023-09-04
incheon7-3753,까치울,까치울,까치울,,도시철도 7호선,S1107,incheon7,7호선,37.5062360,126.8109500,41,경기도,41190,부천시,contain,인천교통공사,0,2022-04-30
incheon7-3754,부천종합운동장,부천종합운동장,부천종합운동장,,도시철도 7호선,S1107,incheon7,7호선,37.5053810,126.7973500,41,경기도,41190,부천시,contain,인천교통공사,0,2022-04-30
incheon7-3755,춘의,춘의,춘의,,도시철도 7호선,S1107,incheon7,7호선,37.5036500,126.7870690,41,경기도,41190,부천시,contain,인천교통공사,0,2022-04-30
incheon7-3756,신중동,신중동,신중동,,도시철도 7호선,S1107,incheon7,7호선,37.5030810,126.7761610,41,경기도,41190,부천시,contain,인천교통공사,0,2022-04-30
incheon7-3757,부천시청,부천시청,부천시청,,도시철도 7호선,S1107,incheon7,7호선,37.5046110,126.7635610,41,경기도,41190,부천시,contain,인천교통공사,0,2022-04-30
incheon7-3758,상동,상동,상동,,도시철도 7호선,S1107,incheon7,7호선,37.5057690,126.7530810,41,경기도,41190,부천시,contain,인천교통공사,0,2022-04-30
gyeongbu-1002,남영역,남영역,남영,,경부선,I4101,gyeongbu,1호선,37.5405970,126.9711710,11,서울특별시,11170,용산구,contain,한국철도공사,0,2025-04-08
gyeongbu-1003,용산역,용산역,용산,,경부선,I4101,gyeongbu,1호선,37.5298900,126.9647750,11,서울특별시,11170,용산구,contain,한국철도공사,1,2025-04-08
gyeongwon-1003,용산역,용산역,용산,,경원선,I4102,gyeongwon,경의중앙선,37.5298900,126.9647750,11,서울특별시,11170,용산구,contain,한국철도공사,1,2025-04-08
gyeongbu-1004,노량진역,노량진역,노량진,,경부선,I4101,gyeongbu,1호선,37.5140720,126.9416710,11,서울특별시,11590,동작구,contain,한국철도공사,1,2025-04-08
gyeongbu-1005,대방역,대방역,대방,,경부선,I4101,gyeongbu,1호선,37.5133920,126.9264070,11,서울특별시,11560,영등포구,contain,한국철도공사,1,2025-04-08
gyeongbu-1006,영등포역,영등포역,영등포,,경부선,I4101,gyeongbu,1호선,37.5157560,126.9074110,11,서울특별시,11560,영등포구,contain,한국철도공사,0,2025-04-08
gyeongbu-1007,신도림역,신도림역,신도림,,경부선,I4101,gyeongbu,1호선,37.5089830,126.8915130,11,서울특별시,11530,구로구,contain,한국철도공사,1,2025-04-08
gyeongwon-1008,이촌역,이촌역,이촌,,경원선,I4102,gyeongwon,경의중앙선,37.5224760,126.9738160,11,서울특별시,11170,용산구,contain,한국철도공사,1,2025-04-08
gyeongwon-1009,서빙고역,서빙고역,서빙고,,경원선,I4102,gyeongwon,경의중앙선,37.5196100,126.9883580,11,서울특별시,11170,용산구,contain,한국철도공사,0,2025-04-08
gyeongwon-1010,한남역,한남역,한남,,경원선,I4102,gyeongwon,경의중앙선,37.5293610,127.0089840,11,서울특별시,11170,용산구,contain,한국철도공사,0,2025-04-08
gyeongwon-1011,옥수역,옥수역,옥수,,경원선,I4102,gyeongwon,경의중앙선,37.5405140,127.0186980,11,서울특별시,11200,성동구,contain,한국철도공사,1,2025-04-08
gyeongwon-1012,응봉역,응봉역,응봉,,경원선,I4102,gyeongwon,경의중앙선,37.5504330,127.0348240,11,서울특별시,11200,성동구,contain,한국철도공사,0,2025-04-08
gyeongwon-1013,왕십리역,왕십리역,왕십리,,경원선,I4102,gyeongwon,경의중앙선,37.5617280,127.0384050,11,서울특별시,11200,성동구,contain,한국철도공사,1,2025-04-08
bundang-1013,왕십리역,왕십리역,왕십리,,분당선,I4105,bundang,수인분당선,37.5610128,127.0387050,11,서울특별시,11200,성동구,contain,한국철도공사,1,2025-04-08
gyeongwon-1014,청량리역,청량리역,청량리,,경원선,I4102,gyeongwon,1호선,37.5805430,127.0480770,11,서울특별시,11230,동대문구,contain,한국철도공사,1,2025-04-08
gyeongui-1014,청량리역,청량리역,청량리,,경의중앙선,I4108,gyeongui,경의중앙선,37.5800430,127.0475880,11,서울특별시,11230,동대문구,contain,한국철도공사,1,2025-04-08
gyeongwon-1015,회기역,회기역,회기,,경원선,I4102,gyeongwon,1호선,37.5896020,127.0579360,11,서울특별시,11230,동대문구,contain,한국철도공사,1,2025-04-08
gyeongui-1015,회기역,회기역,회기,,경의중앙선,I4108,gyeongui,경의중앙선,37.5898020,127.0579360,11,서울특별시,11230,동대문구,contain,한국철도공사,1,2025-04-08
gyeongwon-1016,외대앞역,외대앞역,외대앞,,경원선,I4102,gyeongwon,1호선,37.5961570,127.0635720,11,서울특별시,11230,동대문구,contain,한국철도공사,0,2025-04-08
gyeongwon-1017,신이문역,신이문역,신이문,,경원선,I4102,gyeongwon,1호선,37.6018290,127.0673470,11,서울특별시,11230,동대문구,contain,한국철도공사,0,2025-04-08
gyeongwon-1018,석계역,석계역,석계,,경원선,I4102,gyeongwon,1호선,37.6152060,127.0655940,11,서울특별시,11350,노원구,contain,한국철도공사,1,2025-04-08
gyeongwon-1019,광운대역,광운대역,광운대,,경원선,I4102,gyeongwon,1호선,37.6235700,127.0618100,11,서울특별시,11350,노원구,contain,한국철도공사,1,2025-04-08
gyeongchun-1019,광운대역,광운대역,광운대,,경춘선,I4108,gyeongchun,경춘선,37.6236350,127.0619750,11,서울특별시,11350,노원구,contain,한국철도공사,1,2025-12-31
gyeongwon-1020,월계역,월계역,월계,,경원선,I4102,gyeongwon,1호선,37.6331140,127.0588350,11,서울특별시,11350,노원구,contain,한국철도공사,0,2025-04-08
gyeongwon-1021,녹천역,녹천역,녹천,,경원선,I4102,gyeongwon,1호선,37.6445990,127.0514060,11,서울특별시,11350,노원구,contain,한국철도공사,0,2025-04-08
gyeongwon-1022,창동역,창동역,창동,,경원선,I4102,gyeongwon,1호선,37.6531810,127.0476630,11,서울특별시,11320,도봉구,contain,한국철도공사,1,2025-04-08
bundang-1023,선릉역,선릉역,선릉,,분당선,I4105,bundang,수인분당선,37.5044790,127.0489410,11,서울특별시,11680,강남구,contain,한국철도공사,1,2025-04-08
bundang-1024,한티역,한티역,한티,,분당선,I4105,bundang,수인분당선,37.4962080,127.0528830,11,서울특별시,11680,강남구,contain,한국철도공사,0,2025-04-08
bundang-1025,도곡역,도곡역,도곡,,분당선,I4105,bundang,수인분당선,37.4909140,127.0553930,11,서울특별시,11680,강남구,contain,한국철도공사,1,2025-04-08
bundang-1026,구룡역,구룡역,구룡,,분당선,I4105,bundang,수인분당선,37.4869850,127.0594960,11,서울특별시,11680,강남구,contain,한국철도공사,0,2025-04-08
bundang-1027,개포동역,개포동역,개포동,,분당선,I4105,bundang,수인분당선,37.4891120,127.0660270,11,서울특별시,11680,강남구,contain,한국철도공사,0,2025-04-08
bundang-1028,대모산입구역,대모산입구역,대모산입구,,분당선,I4105,bundang,수인분당선,37.4913470,127.0727020,11,서울특별시,11680,강남구,contain,한국철도공사,0,2025-04-08
bundang-1030,수서역,수서역,수서,,분당선,I4105,bundang,수인분당선,37.4876330,127.1011180,11,서울특별시,11680,강남구,contain,한국철도공사,1,2025-04-08
bundang-1031,복정역,복정역,복정,,분당선,I4105,bundang,수인분당선,37.4697530,127.1266270,11,서울특별시,11710,송파구,contain,한국철도공사,1,2025-04-08
gyeongbu-1032,신길역,신길역,신길,,경부선,I4101,gyeongbu,1호선,37.5170180,126.9177430,11,서울특별시,11560,영등포구,contain,한국철도공사,1,2025-04-08
gyeongui-1201,중랑역,중랑역,중랑,,경의중앙선,I4108,gyeongui,경의중앙선,37.5949480,127.0761520,11,서울특별시,11260,중랑구,contain,한국철도공사,1,2025-04-08
gyeongchun-1201,중랑역,중랑역,중랑,,경춘선,I4108,gyeongchun,경춘선,37.5949480,127.0761520,11,서울특별시,11260,중랑구,contain,한국철도공사,1,2025-12-31
gyeongui-1202,상봉역,상봉역,상봉,,경의중앙선,I4108,gyeongui,경의중앙선,37.5967540,127.0855530,11,서울특별시,11260,중랑구,contain,한국철도공사,1,2025-04-08
gyeongchun-1202,상봉역,상봉역,상봉,,경춘선,I4108,gyeongchun,경춘선,37.5952540,127.0858530,11,서울특별시,11260,중랑구,contain,한국철도공사,1,2025-12-31
gyeongui-1203,망우역,망우역,망우,,경의중앙선,I4108,gyeongui,경의중앙선,37.5992880,127.0923180,11,서울특별시,11260,중랑구,contain,한국철도공사,1,2025-04-08
gyeongchun-1203,망우역,망우역,망우,,경춘선,I41K2,gyeongchun,경춘선,37.5999880,127.0920310,11,서울특별시,11260,중랑구,contain,한국철도공사,1,2025-04-08
gyeongui-1204,양원역,양원역,양원,,경의중앙선,I4108,gyeongui,경의중앙선,37.6066220,127.1079180,11,서울특별시,11260,중랑구,contain,한국철도공사,0,2025-04-08
gyeongui-1205,구리역,구리역,구리,,경의중앙선,I4108,gyeongui,경의중앙선,37.6032600,127.1433730,41,경기도,41310,구리시,contain,한국철도공사,1,2025-04-08
gyeongui-1206,도농역,도농역,도농,,경의중앙선,I4108,gyeongui,경의중앙선,37.6087560,127.1611050,41,경기도,41360,남양주시,contain,한국철도공사,0,2025-04-08
gyeongui-1207,양정역,양정역,양정,,경의중앙선,I4108,gyeongui,경의중앙선,37.6042690,127.1946020,41,경기도,41360,남양주시,contain,한국철도공사,0,2025-04-08
gyeongui-1208,덕소역,덕소역,덕소,,경의중앙선,I4108,gyeongui,경의중앙선,37.5868920,127.2088350,41,경기도,41360,남양주시,contain,한국철도공사,0,2025-04-08
gyeongui-1209,도심역,도심역,도심,,경의중앙선,I4108,gyeongui,경의중앙선,37.5796280,127.2227980,41,경기도,41360,남양주시,contain,한국철도공사,0,2025-04-08
gyeongui-1210,팔당역,팔당역,팔당,,경의중앙선,I4108,gyeongui,경의중앙선,37.5473210,127.2438960,41,경기도,41360,남양주시,contain,한국철도공사,0,2025-04-08
gyeongui-1211,운길산역,운길산역,운길산,,경의중앙선,I4108,gyeongui,경의중앙선,37.5546590,127.3100890,41,경기도,41360,남양주시,contain,한국철도공사,0,2025-04-08
gyeongui-1212,양수역,양수역,양수,,경의중앙선,I4108,gyeongui,경의중앙선,37.5459980,127.3289480,41,경기도,41830,양평군,contain,한국철도공사,0,2025-04-08
gyeongui-1213,신원역,신원역,신원,,경의중앙선,I4108,gyeongui,경의중앙선,37.5259210,127.3727450,41,경기도,41830,양평군,contain,한국철도공사,0,2025-04-08
gyeongui-1214,국수역,국수역,국수,,경의중앙선,I4108,gyeongui,경의중앙선,37.5161710,127.3994020,41,경기도,41830,양평군,contain,한국철도공사,0,2025-04-08
gyeongui-1215,아신역,아신역,아신,,경의중앙선,I4108,gyeongui,경의중앙선,37.5139540,127.4432380,41,경기도,41830,양평군,contain,한국철도공사,0,2025-04-08
gyeongui-1216,오빈역,오빈역,오빈,,경의중앙선,I4108,gyeongui,경의중앙선,37.5060610,127.4740530,41,경기도,41830,양평군,contain,한국철도공사,0,2025-04-08
gyeongui-1217,양평역,양평역,양평,,경의중앙선,I4108,gyeongui,경의중앙선,37.4926740,127.4918580,41,경기도,41830,양평군,contain,한국철도공사,0,2025-04-08
gyeongui-1218,원덕역,원덕역,원덕,,경의중앙선,I4108,gyeongui,경의중앙선,37.4685850,127.5474680,41,경기도,41830,양평군,contain,한국철도공사,0,2025-04-08
gyeongui-1219,용문역,용문역,용문,,경의중앙선,I4108,gyeongui,경의중앙선,37.4820850,127.5942510,41,경기도,41830,양평군,contain,한국철도공사,0,2025-04-08
gyeongui-1220,지평역,지평역,지평,,경의중앙선,I4108,gyeongui,경의중앙선,37.4764960,127.6296810,41,경기도,41830,양평군,contain,한국철도공사,0,2025-04-08
gyeongui-1251,서울역(경의선),서울역(경의선),서울,,경의중앙선,I4108,gyeongui,경의중앙선,37.5567130,126.9713870,11,서울특별시,11140,중구,contain,한국철도공사,1,2025-04-08
gyeongui-1252,신촌역,신촌역,신촌,,경의중앙선,I4108,gyeongui,경의중앙선,37.5597680,126.9423080,11,서울특별시,11410,서대문구,contain,한국철도공사,0,2025-04-08
gyeongui-1261,효창공원앞역,효창공원앞역,효창공원앞,,경의중앙선,I4108,gyeongui,경의중앙선,37.5387890,126.9623390,11,서울특별시,11170,용산구,contain,한국철도공사,1,2025-04-08
gyeongui-1262,공덕역,공덕역,공덕,,경의중앙선,I4108,gyeongui,경의중앙선,37.5427110,126.9521340,11,서울특별시,11440,마포구,contain,한국철도공사,1,2025-04-08
gyeongui-1263,서강대역,서강대역,서강대,,경의중앙선,I4108,gyeongui,경의중앙선,37.5521320,126.9353890,11,서울특별시,11440,마포구,contain,한국철도공사,0,2025-04-08
gyeongui-1264,홍대입구역,홍대입구역,홍대입구,,경의중앙선,I4108,gyeongui,경의중앙선,37.5575800,126.9268330,11,서울특별시,11440,마포구,contain,한국철도공사,1,2025-04-08
gyeongui-1265,가좌역,가좌역,가좌,,경의중앙선,I4108,gyeongui,경의중앙선,37.5686110,126.9148410,11,서울특별시,11440,마포구,contain,한국철도공사,0,2025-04-08
gyeongui-1266,디지털미디어시티역,디지털미디어시티역,디지털미디어시티,,경의중앙선,I4108,gyeongui,경의중앙선,37.5779640,126.9004210,11,서울특별시,11380,은평구,contain,한국철도공사,1,2025-04-08
gyeongui-1267,수색역,수색역,수색,,경의중앙선,I4108,gyeongui,경의중앙선,37.5808550,126.8956810,11,서울특별시,11440,마포구,contain,한국철도공사,0,2025-04-08
gyeongui-1268,한국항공대,한국항공대,한국항공대,,경의중앙선,I4108,gyeongui,경의중앙선,37.6031020,126.8682910,41,경기도,41280,고양시,contain,한국철도공사,0,2025-04-08
gyeongui-1269,강매역,강매역,강매,,경의중앙선,I4108,gyeongui,경의중앙선,37.6123960,126.8445370,41,경기도,41280,고양시,contain,한국철도공사,0,2025-04-08
gyeongui-1270,행신역,행신역,행신,,경의중앙선,I4108,gyeongui,경의중앙선,37.6121250,126.8340630,41,경기도,41280,고양시,contain,한국철도공사,0,2025-04-08
gyeongui-1271,능곡역,능곡역,능곡,,경의중앙선,I4108,gyeongui,경의중앙선,37.6187410,126.8208900,41,경기도,41280,고양시,contain,한국철도공사,1,2025-04-08
seohae-1271,능곡역,능곡역,능곡,,서해선,I41WS,seohae,서해선,37.6187410,126.8206000,41,경기도,41280,고양시,contain,한국철도공사,1,2025-04-08
gyeongui-1272,곡산역,곡산역,곡산,,경의중앙선,I4108,gyeongui,경의중앙선,37.6457290,126.8018770,41,경기도,41280,고양시,contain,한국철도공사,1,2025-04-08
seohae-1272,곡산역,곡산역,곡산,,서해선,I41WS,seohae,서해선,37.6457290,126.8018770,41,경기도,41280,고양시,contain,한국철도공사,1,2024-12-31
gyeongui-1273,백마역,백마역,백마,,경의중앙선,I4108,gyeongui,경의중앙선,37.6583460,126.7944010,41,경기도,41280,고양시,contain,한국철도공사,1,2025-04-08
seohae-1273,백마역,백마역,백마,,서해선,I41WS,seohae,서해선,37.6583460,126.7944010,41,경기도,41280,고양시,contain,한국철도공사,1,2024-12-31
gyeongui-1274,풍산역,풍산역,풍산,,경의중앙선,I4108,gyeongui,경의중앙선,37.6721730,126.7863550,41,경기도,41280,고양시,contain,한국철도공사,1,2025-04-08
seohae-1274,풍산역,풍산역,풍산,,서해선,I41WS,seohae,서해선,37.6721730,126.7863550,41,경기도,41280,고양시,contain,한국철도공사,1,2024-12-31
gyeongui-1275,일산역,일산역,일산,,경의중앙선,I4108,gyeongui,경의중앙선,37.6822310,126.7695210,41,경기도,41280,고양시,contain,한국철도공사,1,2025-04-08
seohae-1275,일산역,일산역,일산,,서해선,I41WS,seohae,서해선,37.6822310,126.7695210,41,경기도,41280,고양시,contain,한국철도공사,1,2024-12-31
gyeongui-1276,탄현역,탄현역,탄현,,경의중앙선,I4108,gyeongui,경의중앙선,37.6941140,126.7610750,41,경기도,41280,고양시,contain,한국철도공사,0,2025-04-08
gyeongui-1277,야당역,야당역,야당,,경의중앙선,I4108,gyeongui,경의중앙선,37.7127490,126.7615350,41,경기도,41480,파주시,contain,한국철도공사,0,2025-04-08
gyeongui-1278,운정역,운정역,운정,,경의중앙선,I4108,gyeongui,경의중앙선,37.7254410,126.7670760,41,경기도,41480,파주시,contain,한국철도공사,0,2025-04-08
gyeongui-1279,금릉역,금릉역,금릉,,경의중앙선,I4108,gyeongui,경의중앙선,37.7512950,126.7654010,41,경기도,41480,파주시,contain,한국철도공사,0,2025-04-08
gyeongui-1280,금촌역,금촌역,금촌,,경의중앙선,I4108,gyeongui,경의중앙선,37.7661060,126.7745150,41,경기도,41480,파주시,contain,한국철도공사,0,2025-04-08
gyeongui-1282,월롱역,월롱역,월롱,,경의중앙선,I4108,gyeongui,경의중앙선,37.7962010,126.7925740,41,경기도,41480,파주시,contain,한국철도공사,0,2025-04-08
gyeongui-1283,파주역,파주역,파주,,경의중앙선,I4108,gyeongui,경의중앙선,37.8153910,126.7924260,41,경기도,41480,파주시,contain,한국철도공사,0,2025-04-08
gyeongui-1284,문산역,문산역,문산,,경의중앙선,I4108,gyeongui,경의중앙선,37.8545650,126.7875310,41,경기도,41480,파주시,contain,한국철도공사,0,2025-04-08
gyeongui-1285,임진강역,임진강역,임진강,,경의중앙선,I4108,gyeongui,경의중앙선,37.8883640,126.7467770,41,경기도,41480,파주시,contain,한국철도공사,0,2025-04-08
gyeongui-1286,운천역,운천역,운천,,경의중앙선,I4108,gyeongui,경의중앙선,37.8800080,126.7697130,41,경기도,41480,파주시,contain,한국철도공사,0,2025-04-08
gyeongchun-1311,신내역,신내역,신내,,경춘선,I41K2,gyeongchun,경춘선,37.6128550,127.1032770,11,서울특별시,11260,중랑구,contain,한국철도공사,1,2025-04-08
gyeongchun-1312,갈매역,갈매역,갈매,,경춘선,I41K2,gyeongchun,경춘선,37.6341350,127.1148030,41,경기도,41310,구리시,contain,한국철도공사,0,2025-04-08
gyeongchun-1313,별내역,별내역,별내,,경춘선,I41K2,gyeongchun,경춘선,37.6422210,127.1272080,41,경기도,41360,남양주시,contain,한국철도공사,1,2025-04-08
gyeongchun-1314,퇴계원역,퇴계원역,퇴계원,,경춘선,I41K2,gyeongchun,경춘선,37.6483160,127.1438580,41,경기도,41360,남양주시,contain,한국철도공사,0,2025-04-08
gyeongchun-1315,사릉역,사릉역,사릉,,경춘선,I41K2,gyeongchun,경춘선,37.6511450,127.1768390,41,경기도,41360,남양주시,contain,한국철도공사,0,2025-04-08
gyeongchun-1316,금곡역,금곡역,금곡,,경춘선,I41K2,gyeongchun,경춘선,37.6374140,127.2079310,41,경기도,41360,남양주시,contain,한국철도공사,0,2025-04-08
gyeongchun-1317,평내호평역,평내호평역,평내호평,,경춘선,I41K2,gyeongchun,경춘선,37.6532290,127.2444520,41,경기도,41360,남양주시,contain,한국철도공사,0,2025-04-08
gyeongchun-1318,천마산역,천마산역,천마산,,경춘선,I41K2,gyeongchun,경춘선,37.6589950,127.2857310,41,경기도,41360,남양주시,contain,한국철도공사,0,2025-04-08
gyeongchun-1319,마석역,마석역,마석,,경춘선,I41K2,gyeongchun,경춘선,37.6523280,127.3117130,41,경기도,41360,남양주시,contain,한국철도공사,0,2025-04-08
gyeongchun-1320,대성리역,대성리역,대성리,,경춘선,I41K2,gyeongchun,경춘선,37.6839090,127.3791650,41,경기도,41820,가평군,contain,한국철도공사,0,2025-04-08
gyeongchun-1321,청평역,청평역,청평,,경춘선,I41K2,gyeongchun,경춘선,37.7354840,127.4265410,41,경기도,41820,가평군,contain,한국철도공사,0,2025-04-08
gyeongchun-1322,상천역,상천역,상천,,경춘선,I41K2,gyeongchun,경춘선,37.7703050,127.4542000,41,경기도,41820,가평군,contain,한국철도공사,0,2025-04-08
gyeongchun-1323,가평역,가평역,가평,,경춘선,I41K2,gyeongchun,경춘선,37.8145150,127.5106930,41,경기도,41820,가평군,contain,한국철도공사,0,2025-04-08
ansangwacheon-1450,선바위역,선바위역,선바위,,안산과천선,I4103,ansangwacheon,4호선,37.4518540,127.0021640,41,경기도,41290,과천시,contain,한국철도공사,0,2025-04-08
ansangwacheon-1451,경마공원역,경마공원역,경마공원,,안산과천선,I4103,ansangwacheon,4호선,37.4439870,127.0078990,41,경기도,41290,과천시,contain,한국철도공사,0,2025-04-08
ansangwacheon-1452,대공원역,대공원역,대공원,,안산과천선,I4103,ansangwacheon,4호선,37.4357240,127.0064740,41,경기도,41290,과천시,contain,한국철도공사,0,2025-04-08
ansangwacheon-1453,과천역,과천역,과천,,안산과천선,I4103,ansangwacheon,4호선,37.4328050,126.9964040,41,경기도,41290,과천시,contain,한국철도공사,0,2025-04-08
ansangwacheon-1454,정부과천청사역,정부과천청사역,정부과천청사,,안산과천선,I4103,ansangwacheon,4호선,37.4264450,126.9898020,41,경기도,41290,과천시,contain,한국철도공사,0,2025-04-08
ansangwacheon-1455,인덕원역,인덕원역,인덕원,,안산과천선,I4103,ansangwacheon,4호선,37.4019010,126.9767180,41,경기도,41170,안양시,contain,한국철도공사,0,2025-04-08
ansangwacheon-1456,평촌역,평촌역,평촌,,안산과천선,I4103,ansangwacheon,4호선,37.3943460,126.9638810,41,경기도,41170,안양시,contain,한국철도공사,0,2025-04-08
ansangwacheon-1457,범계역,범계역,범계,,안산과천선,I4103,ansangwacheon,4호선,37.3897830,126.9507520,41,경기도,41170,안양시,contain,한국철도공사,0,2025-04-08
gyeonggang-1501,판교역,판교역,판교,,경강선,I41K5,gyeonggang,경강선,37.3947980,127.1111350,41,경기도,41130,성남시,contain,한국철도공사,1,2025-04-08
gyeonggang-1502,이매역,이매역,이매,,경강선,I41K5,gyeonggang,경강선,37.3947360,127.1270480,41,경기도,41130,성남시,contain,한국철도공사,1,2025-04-08
gyeonggang-1503,삼동역,삼동역,삼동,,경강선,I41K5,gyeonggang,경강선,37.4087310,127.2034470,41,경기도,41610,광주시,contain,한국철도공사,0,2025-04-08
gyeonggang-1504,경기광주역,경기광주역,경기광주,,경강선,I41K5,gyeonggang,경강선,37.3989740,127.2532010,41,경기도,41610,광주시,contain,한국철도공사,0,2025-04-08
gyeonggang-1505,초월역,초월역,초월,,경강선,I41K5,gyeonggang,경강선,37.3733890,127.2999960,41,경기도,41610,광주시,contain,한국철도공사,0,2025-04-08
gyeonggang-1506,곤지암역,곤지암역,곤지암,,경강선,I41K5,gyeonggang,경강선,37.3505250,127.3461860,41,경기도,41610,광주시,contain,한국철도공사,0,2025-04-08
gyeonggang-1507,신둔도예촌역,신둔도예촌역,신둔도예촌,,경강선,I41K5,gyeonggang,경강선,37.3154990,127.4052510,41,경기도,41500,이천시,contain,한국철도공사,0,2025-04-08
gyeonggang-1508,이천역,이천역,이천,,경강선,I41K5,gyeonggang,경강선,37.2642220,127.4421350,41,경기도,41500,이천시,contain,한국철도공사,0,2025-04-08
gyeonggang-1509,부발역,부발역,부발,,경강선,I41K5,gyeonggang,경강선,37.2604110,127.4903030,41,경기도,41500,이천시,contain,한국철도공사,0,2025-04-08
gyeonggang-1510,세종대왕릉역,세종대왕릉역,세종대왕릉,,경강선,I41K5,gyeonggang,경강선,37.2936360,127.5707640,41,경기도,41670,여주시,contain,한국철도공사,0,2025-04-08
gyeonggang-1511,여주역,여주역,여주,,경강선,I41K5,gyeonggang,경강선,37.2828810,127.6285710,41,경기도,41670,여주시,contain,한국철도공사,0,2025-04-08
gyeonggang-1512,성남역,성남역,성남,,경강선,I41K5,gyeonggang,경강선,37.3947090,127.1194900,41,경기도,41130,성남시,contain,한국철도공사,1,2025-04-08
gyeongbu-1701,구로역,구로역,구로,,경부선,I4101,gyeongbu,1호선,37.5031780,126.8820370,11,서울특별시,11530,구로구,contain,한국철도공사,0,2025-04-08
gyeongbu-1702,가산디지털단지역,가산디지털단지역,가산디지털단지,,경부선,I4101,gyeongbu,1호선,37.4815680,126.8826280,11,서울특별시,11545,금천구,contain,한국철도공사,1,2025-04-08
gyeongbu-1703,금천구청역,금천구청역,금천구청,,경부선,I4101,gyeongbu,1호선,37.4557600,126.8943440,11,서울특별시,11545,금천구,contain,한국철도공사,0,2025-04-08
gyeongbu-1704,석수역,석수역,석수,,경부선,I4101,gyeongbu,1호선,37.4351610,126.9022330,41,경기도,41170,안양시,contain,한국철도공사,0,2025-04-08
gyeongbu-1705,관악역,관악역,관악,,경부선,I4101,gyeongbu,1호선,37.4195780,126.9084760,41,경기도,41170,안양시,contain,한국철도공사,0,2025-04-08
gyeongbu-1706,안양역,안양역,안양,,경부선,I4101,gyeongbu,1호선,37.4019290,126.9226470,41,경기도,41170,안양시,contain,한국철도공사,0,2025-04-08
gyeongbu-1707,명학역,명학역,명학,,경부선,I4101,gyeongbu,1호선,37.3844350,126.9355790,41,경기도,41170,안양시,contain,한국철도공사,0,2025-04-08
gyeongbu-1708,금정역,금정역,금정,,경부선,I4101,gyeongbu,1호선,37.3719570,126.9434110,41,경기도,41410,군포시,contain,한국철도공사,1,2025-04-08
ansangwacheon-1708,금정역,금정역,금정,,안산과천선,I4103,ansangwacheon,4호선,37.3719570,126.9436110,41,경기도,41410,군포시,contain,한국철도공사,1,2025-04-08
gyeongbu-1709,군포역,군포역,군포,,경부선,I4101,gyeongbu,1호선,37.3537320,126.9485170,41,경기도,41410,군포시,contain,한국철도공사,0,2025-04-08
gyeongbu-1710,의왕역,의왕역,의왕,,경부선,I4101,gyeongbu,1호선,37.3206480,126.9480990,41,경기도,41430,의왕시,contain,한국철도공사,0,2025-04-08
gyeongbu-1711,성균관대역,성균관대역,성균관대,,경부선,I4101,gyeongbu,1호선,37.3003440,126.9708610,41,경기도,41110,수원시,contain,한국철도공사,0,2025-04-08
gyeongbu-1712,화서역,화서역,화서,,경부선,I4101,gyeongbu,1호선,37.2839900,126.9895810,41,경기도,41110,수원시,contain,한국철도공사,0,2025-04-08
gyeongbu-1713,수원역,수원역,수원,,경부선,I4101,gyeongbu,1호선,37.2661620,126.9998210,41,경기도,41110,수원시,contain,한국철도공사,1,2025-04-08
gyeongbu-1714,독산역,독산역,독산,,경부선,I4101,gyeongbu,1호선,37.4659940,126.8895080,11,서울특별시,11545,금천구,contain,한국철도공사,0,2025-04-08
gyeongbu-1715,세류역,세류역,세류,,경부선,I4101,gyeongbu,1호선,37.2441020,127.0137720,41,경기도,41110,수원시,contain,한국철도공사,0,2025-04-08
gyeongbu-1716,병점역,병점역,병점,,경부선,I4101,gyeongbu,1호선,37.2068210,127.0332680,41,경기도,41590,화성시,contain,한국철도공사,0,2025-04-08
gyeongbu-1717,세마역,세마역,세마,,경부선,I4101,gyeongbu,1호선,37.1872880,127.0432790,41,경기도,41370,오산시,contain,한국철도공사,0,2025-04-08
gyeongbu-1718,오산대역,오산대역,오산대,,경부선,I4101,gyeongbu,1호선,37.1694010,127.0630810,41,경기도,41370,오산시,contain,한국철도공사,0,2025-04-08
gyeongbu-1719,오산역,오산역,오산,,경부선,I4101,gyeongbu,1호선,37.1454720,127.0667080,41,경기도,41370,오산시,contain,한국철도공사,0,2025-04-08
gyeongbu-1720,진위역,진위역,진위,,경부선,I4101,gyeongbu,1호선,37.1097710,127.0623420,41,경기도,41220,평택시,contain,한국철도공사,0,2025-04-08
gyeongbu-1721,송탄역,송탄역,송탄,,경부선,I4101,gyeongbu,1호선,37.0753760,127.0543970,41,경기도,41220,평택시,contain,한국철도공사,0,2025-04-08
gyeongbu-1722,서정리역,서정리역,서정리,,경부선,I4101,gyeongbu,1호선,37.0564590,127.0528440,41,경기도,41220,평택시,contain,한국철도공사,0,2025-04-08
gyeongbu-1723,평택지제역,평택지제역,평택지제,,경부선,I4101,gyeongbu,1호선,37.0188220,127.0702690,41,경기도,41220,평택시,contain,한국철도공사,0,2025-04-08
gyeongbu-1724,평택역,평택역,평택,,경부선,I4101,gyeongbu,1호선,36.9905590,127.0854960,41,경기도,41220,평택시,contain,한국철도공사,0,2025-04-08
gyeongbu-1729,당정역,당정역,당정,,경부선,I4101,gyeongbu,1호선,37.3433800,126.9483880,41,경기도,41410,군포시,contain,한국철도공사,0,2025-04-08
gyeongbu-1749,서동탄역,서동탄역,서동탄,,경부선,I4101,gyeongbu,1호선,37.1956750,127.0518930,41,경기도,41370,오산시,contain,한국철도공사,0,2025-04-08
gyeongbu-1750,광명역,광명역,광명,,경부선,I4101,gyeongbu,1호선,37.4159950,126.8845230,41,경기도,41210,광명시,contain,한국철도공사,0,2025-04-08
ansangwacheon-1751,산본역,산본역,산본,,안산과천선,I4103,ansangwacheon,4호선,37.3580190,126.9329690,41,경기도,41410,군포시,contain,한국철도공사,0,2025-04-08
ansangwacheon-1752,대야미역,대야미역,대야미,,안산과천선,I4103,ansangwacheon,4호선,37.3283040,126.9171610,41,경기도,41410,군포시,contain,한국철도공사,0,2025-04-08
ansangwacheon-1753,반월역,반월역,반월,,안산과천선,I4103,ansangwacheon,4호선,37.3122440,126.9036840,41,경기도,41270,안산시,contain,한국철도공사,0,2025-04-08
ansangwacheon-1754,상록수역,상록수역,상록수,,안산과천선,I4103,ansangwacheon,4호선,37.3028450,126.8665330,41,경기도,41270,안산시,contain,한국철도공사,0,2025-04-08
suin-1755,한대앞역,한대앞역,한대앞,,수인선,I28K1,suin,수인분당선,37.3099850,126.8535060,41,경기도,41270,안산시,contain,한국철도공사,1,2025-04-08
ansangwacheon-1755,한대앞역,한대앞역,한대앞,,안산과천선,I4103,ansangwacheon,4호선,37.3096850,126.8536560,41,경기도,41270,안산시,contain,한국철도공사,1,2025-04-08
suin-1756,중앙역,중앙역,중앙,,수인선,I28K1,suin,수인분당선,37.3160550,126.8385320,41,경기도,41270,안산시,contain,한국철도공사,1,2025-04-08
ansangwacheon-1756,중앙역,중앙역,중앙,,안산과천선,I4103,ansangwacheon,4호선,37.3160550,126.8385320,41,경기도,41270,안산시,contain,한국철도공사,1,2025-04-08
suin-1757,고잔역,고잔역,고잔,,수인선,I28K1,suin,수인분당선,37.3168210,126.8230940,41,경기도,41270,안산시,contain,한국철도공사,1,2025-04-08
ansangwacheon-1757,고잔역,고잔역,고잔,,안산과천선,I4103,ansangwacheon,4호선,37.3168210,126.8230940,41,경기도,41270,안산시,contain,한국철도공사,1,2025-04-08
suin-1758,초지역,초지역,초지,,수인선,I28K1,suin,수인분당선,37.3205830,126.8061510,41,경기도,41270,안산시,contain,한국철도공사,1,2025-04-08
ansangwacheon-1758,초지역,초지역,초지,,안산과천선,I4103,ansangwacheon,4호선,37.3205830,126.8061510,41,경기도,41270,안산시,contain,한국철도공사,1,2025-04-08
suin-1759,안산역,안산역,안산,,수인선,I28K1,suin,수인분당선,37.3270060,126.7887480,41,경기도,41270,안산시,contain,한국철도공사,1,2025-04-08
ansangwacheon-1759,안산역,안산역,안산,,안산과천선,I4103,ansangwacheon,4호선,37.3270060,126.7887480,41,경기도,41270,안산시,contain,한국철도공사,1,2025-04-08
suin-1760,능길역,능길역,능길,,수인선,I28K1,suin,수인분당선,37.3374880,126.7673060,41,경기도,41270,안산시,contain,한국철도공사,1,2025-04-08
ansangwacheon-1760,능길역,능길역,능길,,안산과천선,I4103,ansangwacheon,4호선,37.3374880,126.7673060,41,경기도,41270,안산시,contain,한국철도공사,1,2025-04-08
suin-1761,정왕역,정왕역,정왕,,수인선,I28K1,suin,수인분당선,37.3518160,126.7428440,41,경기도,41390,시흥시,contain,한국철도공사,1,2025-04-08
ansangwacheon-1761,정왕역,정왕역,정왕,,안산과천선,I4103,ansangwacheon,4호선,37.3518160,126.7428440,41,경기도,41390,시흥시,contain,한국철도공사,1,2025-04-08
suin-1762,오이도역,오이도역,오이도,,수인선,I28K1,suin,수인분당선,37.3617730,126.7384370,41,경기도,41390,시흥시,contain,한국철도공사,1,2025-04-08
ansangwacheon-1762,오이도역,오이도역,오이도,,안산과천선,I4103,ansangwacheon,4호선,37.3617730,126.7384370,41,경기도,41390,시흥시,contain,한국철도공사,1,2025-04-08
ansangwacheon-1763,수리산역,수리산역,수리산,,안산과천선,I4103,ansangwacheon,4호선,37.3502970,126.9255370,41,경기도,41410,군포시,contain,한국철도공사,0,2025-04-08
gyeongin-1801,개봉역,개봉역,개봉,,경인선,I1101,gyeongin,1호선,37.4946980,126.8585040,11,서울특별시,11530,구로구,contain,한국철도공사,0,2025-04-08
gyeongin-1802,오류동역,오류동역,오류동,,경인선,I1101,gyeongin,1호선,37.4944000,126.8445510,11,서울특별시,11530,구로구,contain,한국철도공사,0,2025-04-08
gyeongin-1803,역곡역,역곡역,역곡,,경인선,I1101,gyeongin,1호선,37.4851400,126.8116220,41,경기도,41190,부천시,contain,한국철도공사,0,2025-04-08
gyeongin-1804,부천역,부천역,부천,,경인선,I1101,gyeongin,1호선,37.4840660,126.7827790,41,경기도,41190,부천시,contain,한국철도공사,0,2025-04-08
gyeongin-1805,송내역,송내역,송내,,경인선,I1101,gyeongin,1호선,37.4876260,126.7530450,41,경기도,41190,부천시,contain,한국철도공사,0,2025-04-08
gyeongin-1813,구일역,구일역,구일,,경인선,I1101,gyeongin,1호선,37.4959730,126.8692010,11,서울특별시,11530,구로구,contain,한국철도공사,0,2025-04-08
gyeongin-1821,온수역,온수역,온수,,경인선,I1101,gyeongin,1호선,37.4922670,126.8233990,11,서울특별시,11530,구로구,contain,한국철도공사,1,2025-04-08
gyeongin-1822,중동역,중동역,중동,,경인선,I1101,gyeongin,1호선,37.4866640,126.7644740,41,경기도,41190,부천시,contain,한국철도공사,0,2025-04-08
bundang-1846,수원역(분당),수원역(분당),수원,,분당선,I4105,bundang,수인분당선,37.2661620,127.0000820,41,경기도,41110,수원시,contain,한국철도공사,1,2025-04-08
bundang-1847,서울숲역,서울숲역,서울숲,,분당선,I4105,bundang,수인분당선,37.5436470,127.0446860,11,서울특별시,11200,성동구,contain,한국철도공사,0,2025-04-08
bundang-1848,압구정로데오역,압구정로데오역,압구정로데오,,분당선,I4105,bundang,수인분당선,37.5273850,127.0405550,11,서울특별시,11680,강남구,contain,한국철도공사,0,2025-04-08
bundang-1849,강남구청역,강남구청역,강남구청,,분당선,I4105,bundang,수인분당선,37.5165720,127.0415750,11,서울특별시,11680,강남구,contain,한국철도공사,1,2025-04-08
bundang-1850,선정릉역,선정릉역,선정릉,,분당선,I4105,bundang,수인분당선,37.5107750,127.0437170,11,서울특별시,11680,강남구,contain,한국철도공사,1,2025-04-08
bundang-1851,가천대역,가천대역,가천대,,분당선,I4105,bundang,수인분당선,37.4487840,127.1266770,41,경기도,41130,성남시,contain,한국철도공사,0,2025-04-08
bundang-1852,태평역,태평역,태평,,분당선,I4105,bundang,수인분당선,37.4398420,127.1277460,41,경기도,41130,성남시,contain,한국철도공사,0,2025-04-08
bundang-1853,모란역,모란역,모란,,분당선,I4105,bundang,수인분당선,37.4321240,127.1290640,41,경기도,41130,성남시,contain,한국철도공사,1,2025-04-08
bundang-1854,야탑역,야탑역,야탑,,분당선,I4105,bundang,수인분당선,37.4113200,127.1286610,41,경기도,41130,성남시,contain,한국철도공사,0,2025-04-08
bundang-1855,서현역,서현역,서현,,분당선,I4105,bundang,수인분당선,37.3849310,127.1232490,41,경기도,41130,성남시,contain,한국철도공사,0,2025-04-08
bundang-1856,수내역,수내역,수내,,분당선,I4105,bundang,수인분당선,37.3784350,127.1142160,41,경기도,41130,성남시,contain,한국철도공사,0,2025-04-08
bundang-1857,정자역,정자역,정자,,분당선,I4105,bundang,수인분당선,37.3660370,127.1080910,41,경기도,41130,성남시,contain,한국철도공사,1,2025-04-08
bundang-1858,미금역,미금역,미금,,분당선,I4105,bundang,수인분당선,37.3500780,127.1089520,41,경기도,41130,성남시,contain,한국철도공사,1,2025-04-08
bundang-1859,오리역,오리역,오리,,분당선,I4105,bundang,수인분당선,37.3398320,127.1089850,41,경기도,41130,성남시,contain,한국철도공사,0,2025-04-08
bundang-1860,이매역,이매역,이매,,분당선,I4105,bundang,수인분당선,37.3958460,127.1282720,41,경기도,41130,성남시,contain,한국철도공사,1,2025-04-08
bundang-1861,보정역,보정역,보정,,분당선,I4105,bundang,수인분당선,37.3127400,127.1082190,41,경기도,41460,용인시,contain,한국철도공사,0,2025-04-08
bundang-1862,죽전역,죽전역,죽전,,분당선,I4105,bundang,수인분당선,37.3245750,127.1073850,41,경기도,41460,용인시,contain,한국철도공사,0,2025-04-08
bundang-1863,구성역,구성역,구성,,분당선,I4105,bundang,수인분당선,37.2990130,127.1056640,41,경기도,41460,용인시,contain,한국철도공사,1,2025-04-08
bundang-1864,신갈역,신갈역,신갈,,분당선,I4105,bundang,수인분당선,37.2861270,127.1113110,41,경기도,41460,용인시,contain,한국철도공사,0,2025-04-08
bundang-1865,기흥역,기흥역,기흥,,분당선,I4105,bundang,수인분당선,37.2756570,127.1159440,41,경기도,41460,용인시,contain,한국철도공사,1,2025-04-08
bundang-1866,상갈역,상갈역,상갈,,분당선,I4105,bundang,수인분당선,37.2617970,127.1087180,41,경기도,41460,용인시,contain,한국철도공사,0,2025-04-08
bundang-1867,청명역,청명역,청명,,분당선,I4105,bundang,수인분당선,37.2594850,127.0789450,41,경기도,41110,수원시,contain,한국철도공사,0,2025-04-08
bundang-1868,영통역,영통역,영통,,분당선,I4105,bundang,수인분당선,37.2515210,127.0713410,41,경기도,41110,수원시,contain,한국철도공사,0,2025-04-08
bundang-1869,망포역,망포역,망포,,분당선,I4105,bundang,수인분당선,37.2457930,127.0573670,41,경기도,41110,수원시,contain,한국철도공사,0,2025-04-08
bundang-1870,매탄권선역,매탄권선역,매탄권선,,분당선,I4105,bundang,수인분당선,37.2524580,127.0408240,41,경기도,41110,수원시,contain,한국철도공사,0,2025-04-08
bundang-1871,수원시청역,수원시청역,수원시청,,분당선,I4105,bundang,수인분당선,37.2619410,127.0307360,41,경기도,41110,수원시,contain,한국철도공사,0,2025-04-08
bundang-1872,매교역,매교역,매교,,분당선,I4105,bundang,수인분당선,37.2655020,127.0156570,41,경기도,41110,수원시,contain,한국철도공사,0,2025-04-08
suin-1873,고색역,고색역,고색,,수인선,I28K1,suin,수인분당선,37.2498290,126.9805899,41,경기도,41110,수원시,contain,한국철도공사,0,2025-04-08
suin-1874,오목천역,오목천역,오목천,,수인선,I28K1,suin,수인분당선,37.2430110,126.9636354,41,경기도,41110,수원시,contain,한국철도공사,0,2025-04-08
suin-1875,어천역,어천역,어천,,수인선,I28K1,suin,수인분당선,37.2500760,126.9088050,41,경기도,41590,화성시,contain,한국철도공사,0,2025-04-08
suin-1876,야목역,야목역,야목,,수인선,I28K1,suin,수인분당선,37.2612110,126.8840290,41,경기도,41590,화성시,contain,한국철도공사,0,2025-04-08
suin-1877,사리역,사리역,사리,,수인선,I28K1,suin,수인분당선,37.2908090,126.8571720,41,경기도,41270,안산시,contain,한국철도공사,0,2025-04-08
suin-1878,달월역,달월역,달월,,수인선,I28K1,suin,수인분당선,37.3799930,126.7454310,41,경기도,41390,시흥시,contain,한국철도공사,0,2025-04-08
suin-1879,월곶역,월곶역,월곶,,수인선,I28K1,suin,수인분당선,37.3918900,126.7427410,41,경기도,41390,시흥시,contain,한국철도공사,0,2025-04-08
gyeongwon-1901,방학역,방학역,방학,,경원선,I4102,gyeongwon,1호선,37.6674710,127.0442950,11,서울특별시,11320,도봉구,contain,한국철도공사,0,2025-04-08
gyeongwon-1902,도봉역,도봉역,도봉,,경원선,I4102,gyeongwon,1호선,37.6794410,127.0455210,11,서울특별시,11320,도봉구,contain,한국철도공사,0,2025-04-08
gyeongwon-1903,도봉산역,도봉산역,도봉산,,경원선,I4102,gyeongwon,1호선,37.6896030,127.0460470,11,서울특별시,11320,도봉구,contain,한국철도공사,1,2025-04-08
gyeongwon-1904,망월사역,망월사역,망월사,,경원선,I4102,gyeongwon,1호선,37.7104990,127.0473610,41,경기도,41150,의정부시,contain,한국철도공사,0,2025-04-08
gyeongwon-1905,회룡역,회룡역,회룡,,경원선,I4102,gyeongwon,1호선,37.7240370,127.0473190,41,경기도,41150,의정부시,contain,한국철도공사,1,2025-04-08
gyeongwon-1906,의정부역,의정부역,의정부,,경원선,I4102,gyeongwon,1호선,37.7387300,127.0458910,41,경기도,41150,의정부시,contain,한국철도공사,0,2025-04-08
gyeongwon-1907,가능역,가능역,가능,,경원선,I4102,gyeongwon,1호선,37.7483620,127.0442510,41,경기도,41150,의정부시,contain,한국철도공사,0,2025-04-08
gyeongwon-1908,녹양역,녹양역,녹양,,경원선,I4102,gyeongwon,1호선,37.7594160,127.0422720,41,경기도,41150,의정부시,contain,한국철도공사,0,2025-04-08
gyeongwon-1909,양주역,양주역,양주,,경원선,I4102,gyeongwon,1호선,37.7742810,127.0447190,41,경기도,41630,양주시,contain,한국철도공사,0,2025-04-08
gyeongwon-1910,덕계역,덕계역,덕계,,경원선,I4102,gyeongwon,1호선,37.8187610,127.0566760,41,경기도,41630,양주시,contain,한국철도공사,0,2025-04-08
gyeongwon-1911,덕정역,덕정역,덕정,,경원선,I4102,gyeongwon,1호선,37.8432160,127.0615110,41,경기도,41630,양주시,contain,한국철도공사,0,2025-04-08
gyeongwon-1912,지행역,지행역,지행,,경원선,I4102,gyeongwon,1호선,37.8923610,127.0557340,41,경기도,41250,동두천시,contain,한국철도공사,0,2025-04-08
gyeongwon-1913,동두천중앙역,동두천중앙역,동두천중앙,,경원선,I4102,gyeongwon,1호선,37.9018180,127.0565280,41,경기도,41250,동두천시,contain,한국철도공사,0,2025-04-08
gyeongwon-1914,보산역,보산역,보산,,경원선,I4102,gyeongwon,1호선,37.9142680,127.0571340,41,경기도,41250,동두천시,contain,한국철도공사,0,2025-04-08
gyeongwon-1915,동두천역,동두천역,동두천,,경원선,I4102,gyeongwon,1호선,37.9275690,127.0548250,41,경기도,41250,동두천시,contain,한국철도공사,0,2025-04-08
gyeongwon-1916,소요산역,소요산역,소요산,,경원선,I4102,gyeongwon,1호선,37.9486080,127.0610070,41,경기도,41250,동두천시,contain,한국철도공사,0,2025-04-08
gyeongwon-1917,청산역,청산역,청산,,경원선,I4102,gyeongwon,1호선,37.9951380,127.0740970,41,경기도,41800,연천군,contain,한국철도공사,0,2025-04-08
gyeongwon-1918,전곡역,전곡역,전곡,,경원선,I4102,gyeongwon,1호선,38.0240410,127.0719130,41,경기도,41800,연천군,contain,한국철도공사,0,2025-04-08
gyeongwon-1919,연천역,연천역,연천,,경원선,I4102,gyeongwon,1호선,38.1004850,127.0736800,41,경기도,41800,연천군,contain,한국철도공사,0,2025-04-08
ilsan-1948,원흥역,원흥역,원흥,,일산선,I4106,ilsan,3호선,37.6507090,126.8732390,41,경기도,41280,고양시,contain,한국철도공사,0,2025-04-08
ilsan-1949,지축역,지축역,지축,,일산선,I4106,ilsan,3호선,37.6481140,126.9137460,41,경기도,41280,고양시,contain,한국철도공사,0,2025-12-31
ilsan-1950,삼송역,삼송역,삼송,,일산선,I4106,ilsan,3호선,37.6530960,126.8955590,41,경기도,41280,고양시,contain,한국철도공사,0,2025-04-08
ilsan-1951,원당역,원당역,원당,,일산선,I4106,ilsan,3호선,37.6531030,126.8428910,41,경기도,41280,고양시,contain,한국철도공사,0,2025-04-08
ilsan-1952,화정역,화정역,화정,,일산선,I4106,ilsan,3호선,37.6347080,126.8325030,41,경기도,41280,고양시,contain,한국철도공사,0,2025-04-08
gyeongui-1953,대곡역,대곡역,대곡,,경의중앙선,I4108,gyeongui,경의중앙선,37.6316290,126.8102250,41,경기도,41280,고양시,contain,한국철도공사,1,2025-04-08
seohae-1953,대곡역,대곡역,대곡,,서해선,I41WS,seohae,서해선,37.6316290,126.8098020,41,경기도,41280,고양시,contain,한국철도공사,1,2025-04-08
ilsan-1953,대곡역,대곡역,대곡,,일산선,I4106,ilsan,3호선,37.6316290,126.8110250,41,경기도,41280,고양시,contain,한국철도공사,1,2025-04-08
ilsan-1954,백석역,백석역,백석,,일산선,I4106,ilsan,3호선,37.6429730,126.7881090,41,경기도,41280,고양시,contain,한국철도공사,0,2025-04-08
ilsan-1955,마두역,마두역,마두,,일산선,I4106,ilsan,3호선,37.6521850,126.7776410,41,경기도,41280,고양시,contain,한국철도공사,0,2025-04-08
ilsan-1956,정발산역,정발산역,정발산,,일산선,I4106,ilsan,3호선,37.6597090,126.7732540,41,경기도,41280,고양시,contain,한국철도공사,0,2025-04-08
ilsan-1957,주엽역,주엽역,주엽,,일산선,I4106,ilsan,3호선,37.6701380,126.7612320,41,경기도,41280,고양시,contain,한국철도공사,0,2025-04-08
ilsan-1958,대화역,대화역,대화,,일산선,I4106,ilsan,3호선,37.6758830,126.7477560,41,경기도,41280,고양시,contain,한국철도공사,0,2025-04-08
seohae-1980,김포공항역,김포공항역,김포공항,,서해선,I41WS,seohae,서해선,37.5621179,126.8040560,11,서울특별시,11500,강서구,contain,한국철도공사,1,2025-04-08
seohae-1981,원종역,원종역,원종,,서해선,I41WS,seohae,서해선,37.5240628,126.8048386,41,경기도,41190,부천시,contain,한국철도공사,0,2025-04-08
seohae-1982,부천종합운동장역,부천종합운동장역,부천종합운동장,,서해선,I41WS,seohae,서해선,37.5058520,126.7974980,41,경기도,41190,부천시,contain,한국철도공사,1,2025-04-08
gyeongin-4804,소사역,소사역,소사,,경인선,I1101,gyeongin,1호선,37.4827550,126.7956540,41,경기도,41190,부천시,contain,한국철도공사,1,2025-04-08
seohae-4804,소사역,소사역,소사,,서해선,I41WS,seohae,서해선,37.4827550,126.7950654,41,경기도,41190,부천시,contain,한국철도공사,1,2025-04-08
seohae-4805,소새울역,소새울역,소새울,,서해선,I41WS,seohae,서해선,37.4685046,126.7972280,41,경기도,41190,부천시,contain,한국철도공사,0,2025-04-08
seohae-4806,시흥대야역,시흥대야역,시흥대야,,서해선,I41WS,seohae,서해선,37.4504787,126.7931420,41,경기도,41390,시흥시,contain,한국철도공사,0,2025-04-08
seohae-4807,신천역,신천역,신천,,서해선,I41WS,seohae,서해선,37.4391147,126.7868350,41,경기도,41390,시흥시,contain,한국철도공사,0,2025-04-08
seohae-4808,신현역,신현역,신현,,서해선,I41WS,seohae,서해선,37.4091399,126.7878800,41,경기도,41390,시흥시,contain,한국철도공사,0,2025-04-08
seohae-4809,시흥시청역,시흥시청역,시흥시청,,서해선,I41WS,seohae,서해선,37.3814109,126.8059460,41,경기도,41390,시흥시,contain,한국철도공사,0,2025-04-08
seohae-4810,시흥능곡역,시흥능곡역,시흥능곡,,서해선,I41WS,seohae,서해선,37.3699903,126.8085940,41,경기도,41390,시흥시,contain,한국철도공사,0,2025-04-08
seohae-4811,달미역,달미역,달미,,서해선,I41WS,seohae,서해선,37.3490003,126.8093180,41,경기도,41270,안산시,contain,한국철도공사,0,2025-04-08
seohae-4812,선부역,선부역,선부,,서해선,I41WS,seohae,서해선,37.3345900,126.8100000,41,경기도,41270,안산시,contain,한국철도공사,0,2025-04-08
seohae-4813,초지역,초지역,초지,,서해선,I41WS,seohae,서해선,37.3200830,126.8080510,41,경기도,41270,안산시,contain,한국철도공사,1,2025-04-08
seohae-4814,시우역,시우역,시우,,서해선,I41WS,seohae,서해선,37.3130967,126.7955030,41,경기도,41270,안산시,contain,한국철도공사,0,2025-04-08
seohae-4815,원시역,원시역,원시,,서해선,I41WS,seohae,서해선,37.3026540,126.7867897,41,경기도,41270,안산시,contain,한국철도공사,0,2025-04-08
gtxa-N01,운정중앙,운정중앙,운정중앙,,GTX-A,GTX-A,gtxa,GTX-A,37.7161410,126.7281980,41,경기도,41480,파주시,contain,지티엑스에이운영,0,2026-09-11
gtxa-N02,킨텍스,킨텍스,킨텍스,,GTX-A,GTX-A,gtxa,GTX-A,37.6652540,126.7482500,41,경기도,41280,고양시,contain,지티엑스에이운영,0,2026-09-11
gtxa-N03,대곡,대곡,대곡,,GTX-A,GTX-A,gtxa,GTX-A,37.6316290,126.8110250,41,경기도,41280,고양시,contain,지티엑스에이운영,1,2026-09-11
gtxa-N04,연신내,연신내,연신내,,GTX-A,GTX-A,gtxa,GTX-A,37.6189620,126.9211620,11,서울특별시,11380,은평구,contain,지티엑스에이운영,1,2026-09-11
gtxa-N05,서울역,서울역,서울,,GTX-A,GTX-A,gtxa,GTX-A,37.5522030,126.9709610,11,서울특별시,11170,용산구,contain,지티엑스에이운영,1,2026-09-11
gtxa-X108,수서,수서,수서,,GTX-A,GTX-A,gtxa,GTX-A,37.4876330,127.1011180,11,서울특별시,11680,강남구,contain,지티엑스에이운영,1,2026-09-11
gtxa-X109,성남,성남,성남,,GTX-A,GTX-A,gtxa,GTX-A,37.3947040,127.1194450,41,경기도,41130,성남시,contain,지티엑스에이운영,1,2026-09-11
gtxa-X110,구성,구성,구성,,GTX-A,GTX-A,gtxa,GTX-A,37.2988790,127.1057730,41,경기도,41460,용인시,contain,지티엑스에이운영,1,2026-09-11
gtxa-X111,동탄,동탄,동탄,,GTX-A,GTX-A,gtxa,GTX-A,37.2000870,127.0963770,41,경기도,41590,화성시,contain,㈜SR,0,2026-09-11
