chain_id,chain_name,line_group,line_raw,loop,seq,station_id,phys_id,name,lat,lon,status,source,src_no,src_name
arex,인천국제공항선,공항철도,인천국제공항선,0,1,arex-A01,arex-A01,서울,37.5530178,126.9697643,db,comp,A01,서울
arex,인천국제공항선,공항철도,인천국제공항선,0,2,arex-A02,arex-A02,공덕,37.5427105,126.9516296,db,comp,A02,공덕
arex,인천국제공항선,공항철도,인천국제공항선,0,3,arex-A03,arex-A03,홍대입구,37.5577410,126.9264939,db,comp,A03,홍대입구
arex,인천국제공항선,공항철도,인천국제공항선,0,4,arex-A04,arex-A04,디지털미디어시티,37.5773550,126.8980250,db,comp,A04,디지털미디어시티
arex,인천국제공항선,공항철도,인천국제공항선,0,5,arex-A042,arex-A042,마곡나루,37.5658191,126.8276358,db,comp,A042,마곡나루
arex,인천국제공항선,공항철도,인천국제공항선,0,6,arex-A05,arex-A05,김포공항,37.5621165,126.8015442,db,comp,A05,김포공항
gimpogold,김포도시철도,김포골드라인,김포도시철도,0,1,gimpogold-G100,gimpogold-G100,양촌역,37.6416390,126.6146940,db,comp,100,양촌역
gimpogold,김포도시철도,김포골드라인,김포도시철도,0,2,gimpogold-G101,gimpogold-G101,구래역,37.6453540,126.6285000,db,comp,101,구래역
gimpogold,김포도시철도,김포골드라인,김포도시철도,0,3,gimpogold-G102,gimpogold-G102,마산역,37.6406060,126.6439440,db,comp,102,마산역
gimpogold,김포도시철도,김포골드라인,김포도시철도,0,4,gimpogold-G103,gimpogold-G103,장기역,37.6440280,126.6690000,db,comp,103,장기역
gimpogold,김포도시철도,김포골드라인,김포도시철도,0,5,gimpogold-G104,gimpogold-G104,운양역,37.6538610,126.6838330,db,comp,104,운양역
gimpogold,김포도시철도,김포골드라인,김포도시철도,0,6,gimpogold-G105,gimpogold-G105,걸포북변역,37.6316390,126.7057500,db,comp,105,걸포북변역
gimpogold,김포도시철도,김포골드라인,김포도시철도,0,7,gimpogold-G106,gimpogold-G106,사우역,37.6203610,126.7197220,db,comp,106,사우역
gimpogold,김포도시철도,김포골드라인,김포도시철도,0,8,gimpogold-G107,gimpogold-G107,풍무역,37.6123330,126.7325830,db,comp,107,풍무역
gimpogold,김포도시철도,김포골드라인,김포도시철도,0,9,gimpogold-G108,gimpogold-G108,고촌역,37.6012500,126.7703610,db,comp,108,고촌역
gimpogold,김포도시철도,김포골드라인,김포도시철도,0,10,gimpogold-G109,arex-A05,김포공항역,37.5623090,126.8018330,db,comp,109,김포공항역
sillim,수도권 경량도시철도 신림선,신림선,수도권 경량도시철도 신림선,0,1,sillim-S401,seoul9-4116,샛강,37.5172199,126.9294040,db,comp,S401,샛강
sillim,수도권 경량도시철도 신림선,신림선,수도권 경량도시철도 신림선,0,2,sillim-S402,gyeongbu-1005,대방,37.5128402,126.9253168,db,comp,S402,대방
sillim,수도권 경량도시철도 신림선,신림선,수도권 경량도시철도 신림선,0,3,sillim-S403,sillim-S403,서울지방병무청,37.5060469,126.9227834,db,comp,S403,서울지방병무청
sillim,수도권 경량도시철도 신림선,신림선,수도권 경량도시철도 신림선,0,4,sillim-S404,seoul7-0742,보라매,37.5003127,126.9204859,db,comp,S404,보라매
sillim,수도권 경량도시철도 신림선,신림선,수도권 경량도시철도 신림선,0,5,sillim-S405,sillim-S405,보라매공원,37.4952254,126.9182588,db,comp,S405,보라매공원
sillim,수도권 경량도시철도 신림선,신림선,수도권 경량도시철도 신림선,0,6,sillim-S406,sillim-S406,보라매병원,37.4929607,126.9238860,db,comp,S406,보라매병원
sillim,수도권 경량도시철도 신림선,신림선,수도권 경량도시철도 신림선,0,7,sillim-S407,sillim-S407,당곡,37.4900391,126.9275688,db,comp,S407,당곡
sillim,수도권 경량도시철도 신림선,신림선,수도권 경량도시철도 신림선,0,8,sillim-S408,seoul2-0230,신림,37.4848908,126.9296099,db,comp,S408,신림
sillim,수도권 경량도시철도 신림선,신림선,수도권 경량도시철도 신림선,0,9,sillim-S409,sillim-S409,서원,37.4782734,126.9332282,db,comp,S409,서원
sillim,수도권 경량도시철도 신림선,신림선,수도권 경량도시철도 신림선,0,10,sillim-S410,sillim-S410,서울대벤처타운,37.4720407,126.9339766,db,comp,S410,서울대벤처타운
sillim,수도권 경량도시철도 신림선,신림선,수도권 경량도시철도 신림선,0,11,sillim-S411,sillim-S411,관악산,37.4691690,126.9449548,db,comp,S411,관악산
jinjeop,진접선,4호선,진접선,0,1,jinjeop-0405,jinjeop-0405,진접역,37.7204720,127.2031670,db,comp,405,진접
jinjeop,진접선,4호선,진접선,0,2,jinjeop-0406,jinjeop-0406,오남역,37.7054056,127.1916440,db,comp,406,오남
jinjeop,진접선,4호선,진접선,0,3,jinjeop-0408,jinjeop-0408,별내별가람역,37.6678330,127.1161670,db,comp,408,별내별가람
jinjeop,진접선,4호선,진접선,0,4,seoul4-0409,seoul4-0409,불암산,37.6700900,127.0790040,db,added,,
metro8,수도권 전철 8호선,8호선,수도권 광역철도 8호선,0,1,seoul8-806,seoul8-806,동구릉,37.6105560,127.1350560,db,added,,
metro8,수도권 전철 8호선,8호선,수도권 광역철도 8호선,0,2,metro8-805,metro8-805,다산역,37.6243700,127.1498000,db,comp,805,다산
metro8,수도권 전철 8호선,8호선,수도권 광역철도 8호선,0,3,metro8-804,gyeongchun-1313,별내역,37.6425170,127.1273000,db,comp,804,별내
shinbundang,신분당선,신분당선,신분당선,0,1,shinbundang-D004,seoul3-0337,신사,37.5161253,127.0197609,db,comp,D04,신사
shinbundang,신분당선,신분당선,신분당선,0,2,shinbundang-D005,seoul7-0732,논현,37.5111154,127.0213658,db,comp,D05,논현
shinbundang,신분당선,신분당선,신분당선,0,3,shinbundang-D006,seoul9-4125,신논현,37.5045554,127.0245306,db,comp,D06,신논현
shinbundang,신분당선,신분당선,신분당선,0,4,shinbundang-D007,seoul2-0222,강남,37.4973854,127.0278789,db,comp,D07,강남
shinbundang,신분당선,신분당선,신분당선,0,5,shinbundang-D008,seoul3-0342,양재(서초구청),37.4844535,127.0340995,db,comp,D08,양재
shinbundang,신분당선,신분당선,신분당선,0,6,shinbundang-D009,shinbundang-D009,양재시민의숲(매헌),37.4709639,127.0384203,db,comp,D09,양재시민의숲
shinbundang,신분당선,신분당선,신분당선,0,7,shinbundang-D010,shinbundang-D010,청계산입구,37.4487148,127.0543396,db,comp,D10,청계산입구
shinbundang,신분당선,신분당선,신분당선,0,8,shinbundang-D011,gyeonggang-1501,판교,37.3957148,127.1112107,db,comp,D11,판교
shinbundang,신분당선,신분당선,신분당선,0,9,shinbundang-D012,bundang-1857,정자,37.3682102,127.1083859,db,comp,D12,정자
shinbundang,신분당선,신분당선,신분당선,0,10,shinbundang-D013,bundang-1858,미금,37.3511833,127.1089028,db,comp,D13,미금
shinbundang,신분당선,신분당선,신분당선,0,11,shinbundang-D014,shinbundang-D014,동천,37.3386841,127.1027937,db,comp,D14,동천
shinbundang,신분당선,신분당선,신분당선,0,12,shinbundang-D015,shinbundang-D015,수지구청,37.3230090,127.0955813,db,comp,D15,수지구청
shinbundang,신분당선,신분당선,신분당선,0,13,shinbundang-D016,shinbundang-D016,성복,37.3140425,127.0807578,db,comp,D16,성복
shinbundang,신분당선,신분당선,신분당선,0,14,shinbundang-D017,shinbundang-D017,상현,37.2986853,127.0695799,db,comp,D17,상현
shinbundang,신분당선,신분당선,신분당선,0,15,shinbundang-D018,shinbundang-D018,광교중앙(아주대),37.2877375,127.0526250,db,comp,D18,광교중앙
shinbundang,신분당선,신분당선,신분당선,0,16,shinbundang-D019,shinbundang-D019,광교(경기대),37.3017347,127.0448561,db,comp,D19,광교
seoul3,수도권 광역철도 3호선,3호선,3호선,0,1,seoul3-0319,ilsan-1949,지축,37.6481510,126.9137510,db,comp,319,지축
seoul3,수도권 광역철도 3호선,3호선,3호선,0,2,seoul3-0320,seoul3-0320,구파발,37.6366120,126.9188270,db,comp,320,구파발
seoul3,수도권 광역철도 3호선,3호선,3호선,0,3,seoul3-0321,gtxa-N04,연신내,37.6192950,126.9209590,db,comp,321,연신내
seoul3,수도권 광역철도 3호선,3호선,3호선,0,4,seoul3-0322,seoul3-0322,불광,37.6101540,126.9301830,db,comp,322,불광
seoul3,수도권 광역철도 3호선,3호선,3호선,0,5,seoul3-0323,seoul3-0323,녹번,37.6008820,126.9357580,db,comp,323,녹번
seoul3,수도권 광역철도 3호선,3호선,3호선,0,6,seoul3-0324,seoul3-0324,홍제,37.5888510,126.9440920,db,comp,324,홍제
seoul3,수도권 광역철도 3호선,3호선,3호선,0,7,seoul3-0325,seoul3-0325,무악재,37.5826580,126.9501310,db,comp,325,무악재
seoul3,수도권 광역철도 3호선,3호선,3호선,0,8,seoul3-0326,seoul3-0326,독립문,37.5745340,126.9579020,db,comp,326,독립문
seoul3,수도권 광역철도 3호선,3호선,3호선,0,9,seoul3-0327,seoul3-0327,경복궁(정부서울청사),37.5758440,126.9735760,db,comp,327,경복궁(정부서울청사)
seoul3,수도권 광역철도 3호선,3호선,3호선,0,10,seoul3-0328,seoul3-0328,안국,37.5765620,126.9854700,db,comp,328,안국
seoul3,수도권 광역철도 3호선,3호선,3호선,0,11,seoul3-0329,seoul1-0130,종로3가,37.5715370,126.9918370,db,comp,329,종로3가
seoul3,수도권 광역철도 3호선,3호선,3호선,0,12,seoul3-0330,seoul2-0203,을지로3가,37.5662990,126.9926160,db,comp,330,을지로3가
seoul3,수도권 광역철도 3호선,3호선,3호선,0,13,seoul3-0331,seoul3-0331,충무로,37.5613820,126.9941730,db,comp,331,충무로
seoul3,수도권 광역철도 3호선,3호선,3호선,0,14,seoul3-0332,seoul3-0332,동대입구,37.5590600,127.0052730,db,comp,332,동대입구
seoul3,수도권 광역철도 3호선,3호선,3호선,0,15,seoul3-0333,seoul3-0333,약수,37.5545540,127.0108580,db,comp,333,약수
seoul3,수도권 광역철도 3호선,3호선,3호선,0,16,seoul3-0334,seoul3-0334,금호,37.5482690,127.0157850,db,comp,334,금호
seoul3,수도권 광역철도 3호선,3호선,3호선,0,17,seoul3-0335,gyeongwon-1011,옥수,37.5416530,127.0173030,db,comp,335,옥수
seoul3,수도권 광역철도 3호선,3호선,3호선,0,18,seoul3-0336,seoul3-0336,압구정,37.5261690,127.0285020,db,comp,336,압구정
seoul3,수도권 광역철도 3호선,3호선,3호선,0,19,seoul3-0337,seoul3-0337,신사,37.5164380,127.0202470,db,comp,337,신사
seoul3,수도권 광역철도 3호선,3호선,3호선,0,20,seoul3-0338,seoul3-0338,잠원,37.5129890,127.0116130,db,comp,338,잠원
seoul3,수도권 광역철도 3호선,3호선,3호선,0,21,seoul3-0339,seoul3-0339,고속터미널,37.5049530,127.0049160,db,comp,339,고속터미널
seoul3,수도권 광역철도 3호선,3호선,3호선,0,22,seoul3-0340,seoul2-0223,교대(법원·검찰청),37.4930600,127.0137960,db,comp,340,교대(법원·검찰청)
seoul3,수도권 광역철도 3호선,3호선,3호선,0,23,seoul3-0341,seoul3-0341,남부터미널(예술의전당),37.4849400,127.0162890,db,comp,341,남부터미널(예술의전당)
seoul3,수도권 광역철도 3호선,3호선,3호선,0,24,seoul3-0342,seoul3-0342,양재(서초구청),37.4845800,127.0342300,db,comp,342,양재(서초구청)
seoul3,수도권 광역철도 3호선,3호선,3호선,0,25,seoul3-0343,seoul3-0343,매봉,37.4871140,127.0469070,db,comp,343,매봉
seoul3,수도권 광역철도 3호선,3호선,3호선,0,26,seoul3-0344,bundang-1025,도곡,37.4911290,127.0556940,db,comp,344,도곡
seoul3,수도권 광역철도 3호선,3호선,3호선,0,27,seoul3-0345,seoul3-0345,대치,37.4946010,127.0634490,db,comp,345,대치
seoul3,수도권 광역철도 3호선,3호선,3호선,0,28,seoul3-0346,seoul3-0346,학여울,37.4967870,127.0708601,db,comp,346,학여울
seoul3,수도권 광역철도 3호선,3호선,3호선,0,29,seoul3-0347,seoul3-0347,대청,37.4936070,127.0795260,db,comp,347,대청
seoul3,수도권 광역철도 3호선,3호선,3호선,0,30,seoul3-0348,seoul3-0348,일원,37.4838900,127.0841600,db,comp,348,일원
seoul3,수도권 광역철도 3호선,3호선,3호선,0,31,seoul3-0349,bundang-1030,수서,37.4875000,127.1019240,db,comp,349,수서
seoul3,수도권 광역철도 3호선,3호선,3호선,0,32,seoul3-0350,seoul3-0350,가락시장,37.4923180,127.1177000,db,comp,350,가락시장
seoul3,수도권 광역철도 3호선,3호선,3호선,0,33,seoul3-0351,seoul3-0351,경찰병원,37.4957540,127.1241980,db,comp,351,경찰병원
seoul3,수도권 광역철도 3호선,3호선,3호선,0,34,seoul3-0352,seoul3-0352,오금,37.5022880,127.1283440,db,comp,352,오금
seoul4,수도권 광역철도 4호선,4호선,4호선,0,1,seoul4-0409,seoul4-0409,불암산,37.6700900,127.0790040,db,comp,409,불암산
seoul4,수도권 광역철도 4호선,4호선,4호선,0,2,seoul4-0410,seoul4-0410,상계,37.6605760,127.0731990,db,comp,410,상계
seoul4,수도권 광역철도 4호선,4호선,4호선,0,3,seoul4-0411,seoul4-0411,노원,37.6562740,127.0631830,db,comp,411,노원
seoul4,수도권 광역철도 4호선,4호선,4호선,0,4,seoul4-0412,gyeongwon-1022,창동,37.6533150,127.0483040,db,comp,412,창동
seoul4,수도권 광역철도 4호선,4호선,4호선,0,5,seoul4-0413,seoul4-0413,쌍문,37.6482740,127.0343810,db,comp,413,쌍문
seoul4,수도권 광역철도 4호선,4호선,4호선,0,6,seoul4-0414,seoul4-0414,수유(강북구청),37.6377270,127.0253710,db,comp,414,수유(강북구청)
seoul4,수도권 광역철도 4호선,4호선,4호선,0,7,seoul4-0415,seoul4-0415,미아(서울사이버대학),37.6264350,127.0261510,db,comp,415,미아
seoul4,수도권 광역철도 4호선,4호선,4호선,0,8,seoul4-0416,seoul4-0416,미아사거리,37.6132760,127.0300830,db,comp,416,미아사거리
seoul4,수도권 광역철도 4호선,4호선,4호선,0,9,seoul4-0417,seoul4-0417,길음,37.6033870,127.0250530,db,comp,417,길음
seoul4,수도권 광역철도 4호선,4호선,4호선,0,10,seoul4-0418,seoul4-0418,성신여대입구(돈암),37.5928820,127.0169080,db,comp,418,성신여대입구(돈암)
seoul4,수도권 광역철도 4호선,4호선,4호선,0,11,seoul4-0419,seoul4-0419,한성대입구(삼선교),37.5883800,127.0059510,db,comp,419,한성대입구(삼선교)
seoul4,수도권 광역철도 4호선,4호선,4호선,0,12,seoul4-0420,seoul4-0420,혜화,37.5821160,127.0019290,db,comp,420,혜화
seoul4,수도권 광역철도 4호선,4호선,4호선,0,13,seoul4-0421,seoul1-0128,동대문,37.5709900,127.0092500,db,comp,421,동대문
seoul4,수도권 광역철도 4호선,4호선,4호선,0,14,seoul4-0422,seoul2-0205,동대문역사문화공원(DDP),37.5651410,127.0078080,db,comp,422,동대문역사문화공원
seoul4,수도권 광역철도 4호선,4호선,4호선,0,15,seoul4-0423,seoul3-0331,충무로,37.5613520,126.9945730,db,comp,423,충무로
seoul4,수도권 광역철도 4호선,4호선,4호선,0,16,seoul4-0424,seoul4-0424,명동,37.5609550,126.9862710,db,comp,424,명동
seoul4,수도권 광역철도 4호선,4호선,4호선,0,17,seoul4-0425,seoul4-0425,회현(남대문시장),37.5586980,126.9783460,db,comp,425,회현(남대문시장)
seoul4,수도권 광역철도 4호선,4호선,4호선,0,18,seoul4-0426,arex-A01,서울역,37.5531720,126.9727060,db,comp,426,서울역
seoul4,수도권 광역철도 4호선,4호선,4호선,0,19,seoul4-0427,seoul4-0427,숙대입구(갈월),37.5447834,126.9721000,db,comp,427,숙대입구(갈월)
seoul4,수도권 광역철도 4호선,4호선,4호선,0,20,seoul4-0428,seoul4-0428,삼각지(전쟁기념관),37.5344570,126.9729920,db,comp,428,삼각지(전쟁기념관)
seoul4,수도권 광역철도 4호선,4호선,4호선,0,21,seoul4-0429,seoul4-0429,신용산,37.5290900,126.9678800,db,comp,429,신용산
seoul4,수도권 광역철도 4호선,4호선,4호선,0,22,seoul4-0430,gyeongwon-1008,이촌(국립중앙박물관),37.5223440,126.9744490,db,comp,430,이촌(국립중앙박물관)
seoul4,수도권 광역철도 4호선,4호선,4호선,0,23,seoul4-0431,seoul4-0431,동작(현충원),37.5035670,126.9801710,db,comp,431,동작(현충원)
seoul4,수도권 광역철도 4호선,4호선,4호선,0,24,seoul4-0432,seoul4-0432,총신대입구(이수),37.4875210,126.9823090,db,comp,432,총신대입구(이수)
seoul4,수도권 광역철도 4호선,4호선,4호선,0,25,seoul4-0433,seoul2-0226,사당,37.4762630,126.9816360,db,comp,433,사당
seoul4,수도권 광역철도 4호선,4호선,4호선,0,26,seoul4-0434,seoul4-0434,남태령,37.4643390,126.9890810,db,comp,434,남태령
seoul1,수도권 광역철도 1호선,1호선,1호선,0,1,seoul1-0124,gyeongui-1014,청량리(서울시립대입구),37.5801480,127.0450630,db,comp,124,청량리(서울시립대입구)
seoul1,수도권 광역철도 1호선,1호선,1호선,0,2,seoul1-0125,seoul1-0125,제기동,37.5781160,127.0349020,db,comp,125,제기동
seoul1,수도권 광역철도 1호선,1호선,1호선,0,3,seoul1-0126,seoul1-0126,신설동,37.5761170,127.0247100,db,comp,126,신설동
seoul1,수도권 광역철도 1호선,1호선,1호선,0,4,seoul1-0127,seoul1-0127,동묘앞,37.5732650,127.0164590,db,comp,127,동묘앞
seoul1,수도권 광역철도 1호선,1호선,1호선,0,5,seoul1-0128,seoul1-0128,동대문,37.5716460,127.0106900,db,comp,128,동대문
seoul1,수도권 광역철도 1호선,1호선,1호선,0,6,seoul1-0129,seoul1-0129,종로5가,37.5709710,127.0019000,db,comp,129,종로5가
seoul1,수도권 광역철도 1호선,1호선,1호선,0,7,seoul1-0130,seoul1-0130,종로3가,37.5704290,126.9920950,db,comp,130,종로3가
seoul1,수도권 광역철도 1호선,1호선,1호선,0,8,seoul1-0131,seoul1-0131,종각,37.5702030,126.9831160,db,comp,131,종각
seoul1,수도권 광역철도 1호선,1호선,1호선,0,9,seoul1-0132,seoul1-0132,시청,37.5652110,126.9772070,db,comp,132,시청
seoul1,수도권 광역철도 1호선,1호선,1호선,0,10,seoul1-0133,gyeongui-1251,서울역,37.5558500,126.9721030,db,comp,133,서울역
seoul2,수도권 도시철도 2호선,2호선,2호선,1,1,seoul2-0201,seoul1-0132,시청,37.5635340,126.9752710,db,comp,201,시청
seoul2,수도권 도시철도 2호선,2호선,2호선,1,2,seoul2-0202,seoul2-0202,을지로입구,37.5659980,126.9825690,db,comp,202,을지로입구
seoul2,수도권 도시철도 2호선,2호선,2호선,1,3,seoul2-0203,seoul2-0203,을지로3가,37.5662920,126.9908730,db,comp,203,을지로3가
seoul2,수도권 도시철도 2호선,2호선,2호선,1,4,seoul2-0204,seoul2-0204,을지로4가,37.5666110,126.9976220,db,comp,204,을지로4가
seoul2,수도권 도시철도 2호선,2호선,2호선,1,5,seoul2-0205,seoul2-0205,동대문역사문화공원(DDP),37.5656090,127.0090830,db,comp,205,동대문역사문화공원
seoul2,수도권 도시철도 2호선,2호선,2호선,1,6,seoul2-0206,seoul2-0206,신당,37.5656750,127.0194259,db,comp,206,신당
seoul2,수도권 도시철도 2호선,2호선,2호선,1,7,seoul2-0207,seoul2-0207,상왕십리,37.5644440,127.0293220,db,comp,207,상왕십리
seoul2,수도권 도시철도 2호선,2호선,2호선,1,8,seoul2-0208,bundang-1013,왕십리(성동구청),37.5612890,127.0370615,db,comp,208,왕십리
seoul2,수도권 도시철도 2호선,2호선,2호선,1,9,seoul2-0209,seoul2-0209,한양대,37.5557580,127.0436594,db,comp,209,한양대
seoul2,수도권 도시철도 2호선,2호선,2호선,1,10,seoul2-0210,seoul2-0210,뚝섬,37.5471800,127.0474130,db,comp,210,뚝섬
seoul2,수도권 도시철도 2호선,2호선,2호선,1,11,seoul2-0211,seoul2-0211,성수,37.5446280,127.0559830,db,comp,211,성수
seoul2,수도권 도시철도 2호선,2호선,2호선,1,12,seoul2-0212,seoul2-0212,건대입구,37.5404080,127.0692310,db,comp,212,건대입구
seoul2,수도권 도시철도 2호선,2호선,2호선,1,13,seoul2-0213,seoul2-0213,구의(광진구청),37.5371570,127.0862124,db,comp,213,구의(광진구청)
seoul2,수도권 도시철도 2호선,2호선,2호선,1,14,seoul2-0214,seoul2-0214,강변(동서울터미널),37.5351610,127.0946840,db,comp,214,강변(동서울터미널)
seoul2,수도권 도시철도 2호선,2호선,2호선,1,15,seoul2-0215,seoul2-0215,잠실나루,37.5206880,127.1038360,db,comp,215,잠실나루
seoul2,수도권 도시철도 2호선,2호선,2호선,1,16,seoul2-0216,seoul2-0216,잠실(송파구청),37.5133050,127.1001290,db,comp,216,잠실(송파구청)
seoul2,수도권 도시철도 2호선,2호선,2호선,1,17,seoul2-0217,seoul2-0217,잠실새내,37.5116530,127.0862240,db,comp,217,잠실새내
seoul2,수도권 도시철도 2호선,2호선,2호선,1,18,seoul2-0218,metro9-4130,종합운동장,37.5111280,127.0738410,db,comp,218,종합운동장
seoul2,수도권 도시철도 2호선,2호선,2호선,1,19,seoul2-0219,seoul2-0219,삼성(무역센터),37.5088270,127.0632030,db,comp,219,삼성(무역센터)
seoul2,수도권 도시철도 2호선,2호선,2호선,1,20,seoul2-0220,bundang-1023,선릉,37.5042570,127.0481740,db,comp,220,선릉
seoul2,수도권 도시철도 2호선,2호선,2호선,1,21,seoul2-0221,seoul2-0221,역삼,37.5006580,127.0364300,db,comp,221,역삼
seoul2,수도권 도시철도 2호선,2호선,2호선,1,22,seoul2-0222,seoul2-0222,강남,37.4980500,127.0279500,db,comp,222,강남
seoul2,수도권 도시철도 2호선,2호선,2호선,1,23,seoul2-0223,seoul2-0223,교대(법원·검찰청),37.4939570,127.0144310,db,comp,223,교대(법원·검찰청)
seoul2,수도권 도시철도 2호선,2호선,2호선,1,24,seoul2-0224,seoul2-0224,서초,37.4919100,127.0076850,db,comp,224,서초
seoul2,수도권 도시철도 2호선,2호선,2호선,1,25,seoul2-0225,seoul2-0225,방배,37.4814690,126.9976270,db,comp,225,방배
seoul2,수도권 도시철도 2호선,2호선,2호선,1,26,seoul2-0226,seoul2-0226,사당,37.4765360,126.9816310,db,comp,226,사당
seoul2,수도권 도시철도 2호선,2호선,2호선,1,27,seoul2-0227,seoul2-0227,낙성대(강감찬),37.4771300,126.9635830,db,comp,227,낙성대
seoul2,수도권 도시철도 2호선,2호선,2호선,1,28,seoul2-0228,seoul2-0228,서울대입구(관악구청),37.4812330,126.9527450,db,comp,228,서울대입구(관악구청)
seoul2,수도권 도시철도 2호선,2호선,2호선,1,29,seoul2-0229,seoul2-0229,봉천,37.4824160,126.9416960,db,comp,229,봉천
seoul2,수도권 도시철도 2호선,2호선,2호선,1,30,seoul2-0230,seoul2-0230,신림,37.4842160,126.9295730,db,comp,230,신림
seoul2,수도권 도시철도 2호선,2호선,2호선,1,31,seoul2-0231,seoul2-0231,신대방,37.4876040,126.9134790,db,comp,231,신대방
seoul2,수도권 도시철도 2호선,2호선,2호선,1,32,seoul2-0232,seoul2-0232,구로디지털단지,37.4852931,126.9014560,db,comp,232,구로디지털단지
seoul2,수도권 도시철도 2호선,2호선,2호선,1,33,seoul2-0233,seoul2-0233,대림(구로구청),37.4932826,126.8949793,db,comp,233,대림(구로구청)
seoul2,수도권 도시철도 2호선,2호선,2호선,1,34,seoul2-0234,gyeongbu-1007,신도림,37.5088150,126.8912220,db,comp,234,신도림
seoul2,수도권 도시철도 2호선,2호선,2호선,1,35,seoul2-0235,seoul2-0235,문래,37.5179930,126.8947660,db,comp,235,문래
seoul2,수도권 도시철도 2호선,2호선,2호선,1,36,seoul2-0236,seoul2-0236,영등포구청,37.5257660,126.8966270,db,comp,236,영등포구청
seoul2,수도권 도시철도 2호선,2호선,2호선,1,37,seoul2-0237,seoul2-0237,당산,37.5348070,126.9026110,db,comp,237,당산
seoul2,수도권 도시철도 2호선,2호선,2호선,1,38,seoul2-0238,seoul2-0238,합정,37.5500250,126.9145570,db,comp,238,합정
seoul2,수도권 도시철도 2호선,2호선,2호선,1,39,seoul2-0239,arex-A03,홍대입구,37.5567480,126.9236430,db,comp,239,홍대입구
seoul2,수도권 도시철도 2호선,2호선,2호선,1,40,seoul2-0240,seoul2-0240,신촌(지하),37.5551530,126.9368900,db,comp,240,신촌
seoul2,수도권 도시철도 2호선,2호선,2호선,1,41,seoul2-0241,seoul2-0241,이대,37.5567340,126.9458970,db,comp,241,이대
seoul2,수도권 도시철도 2호선,2호선,2호선,1,42,seoul2-0242,seoul2-0242,아현,37.5574070,126.9560790,db,comp,242,아현
seoul2,수도권 도시철도 2호선,2호선,2호선,1,43,seoul2-0243,seoul2-0243,충정로(경기대입구),37.5597420,126.9644550,db,comp,243,충정로(경기대입구)
seoul2:성수지선,수도권 도시철도 2호선,2호선,2호선,0,1,seoul2-0211,seoul2-0211,성수,37.5446280,127.0559830,db,added,,
seoul2:성수지선,수도권 도시철도 2호선,2호선,2호선,0,2,seoul2-2111,seoul2-2111,용답,37.5620660,127.0508786,db,comp,211-1,용답
seoul2:성수지선,수도권 도시철도 2호선,2호선,2호선,0,3,seoul2-2112,seoul2-2112,신답,37.5698470,127.0470480,db,comp,211-2,신답
seoul2:성수지선,수도권 도시철도 2호선,2호선,2호선,0,4,seoul2-2113,seoul2-2113,용두(동대문구청),37.5740120,127.0381100,db,comp,211-3,용두(동대문구청)
seoul2:성수지선,수도권 도시철도 2호선,2호선,2호선,0,5,seoul2-2114,seoul1-0126,신설동,37.5746530,127.0251580,db,comp,211-4,신설동
seoul2:신정지선,수도권 도시철도 2호선,2호선,2호선,0,1,seoul2-0234,gyeongbu-1007,신도림,37.5088150,126.8912220,db,added,,
seoul2:신정지선,수도권 도시철도 2호선,2호선,2호선,0,2,seoul2-2341,seoul2-2341,도림천,37.5145589,126.8825860,db,comp,234-1,도림천
seoul2:신정지선,수도권 도시철도 2호선,2호선,2호선,0,3,seoul2-2342,seoul2-2342,양천구청,37.5123294,126.8655930,db,comp,234-2,양천구청
seoul2:신정지선,수도권 도시철도 2호선,2호선,2호선,0,4,seoul2-2343,seoul2-2343,신정네거리,37.5202180,126.8528490,db,comp,234-3,신정네거리
seoul2:신정지선,수도권 도시철도 2호선,2호선,2호선,0,5,seoul5-0518,seoul5-0518,까치산,37.5322000,126.8464500,db,comp,234-4,까치산
seoul5,수도권 도시철도 5호선,5호선,5호선,0,1,seoul5-0510,seoul5-0510,방화,37.5776690,126.8128220,db,comp,510,방화
seoul5,수도권 도시철도 5호선,5호선,5호선,0,2,seoul5-0511,seoul5-0511,개화산,37.5724580,126.8068380,db,comp,511,개화산
seoul5,수도권 도시철도 5호선,5호선,5호선,0,3,seoul5-0512,arex-A05,김포공항,37.5621700,126.8012730,db,comp,512,김포공항
seoul5,수도권 도시철도 5호선,5호선,5호선,0,4,seoul5-0513,seoul5-0513,송정,37.5612010,126.8120520,db,comp,513,송정
seoul5,수도권 도시철도 5호선,5호선,5호선,0,5,seoul5-0514,seoul5-0514,마곡,37.5602030,126.8246990,db,comp,514,마곡
seoul5,수도권 도시철도 5호선,5호선,5호선,0,6,seoul5-0515,seoul5-0515,발산,37.5586920,126.8376330,db,comp,515,발산
seoul5,수도권 도시철도 5호선,5호선,5호선,0,7,seoul5-0516,seoul5-0516,우장산,37.5488640,126.8363300,db,comp,516,우장산
seoul5,수도권 도시철도 5호선,5호선,5호선,0,8,seoul5-0517,seoul5-0517,화곡,37.5415850,126.8404360,db,comp,517,화곡
seoul5,수도권 도시철도 5호선,5호선,5호선,0,9,seoul5-0518,seoul5-0518,까치산,37.5322000,126.8464500,db,comp,518,까치산
seoul5,수도권 도시철도 5호선,5호선,5호선,0,10,seoul5-0519,seoul5-0519,신정(은행정),37.5250010,126.8561760,db,comp,519,신정(은행정)
seoul5,수도권 도시철도 5호선,5호선,5호선,0,11,seoul5-0520,seoul5-0520,목동,37.5260880,126.8642960,db,comp,520,목동
seoul5,수도권 도시철도 5호선,5호선,5호선,0,12,seoul5-0521,seoul5-0521,오목교(목동운동장앞),37.5245570,126.8750490,db,comp,521,오목교(목동운동장앞)
seoul5,수도권 도시철도 5호선,5호선,5호선,0,13,seoul5-0522,seoul5-0522,양평,37.5256140,126.8861770,db,comp,522,양평
seoul5,수도권 도시철도 5호선,5호선,5호선,0,14,seoul5-0523,seoul2-0236,영등포구청,37.5242090,126.8950220,db,comp,523,영등포구청
seoul5,수도권 도시철도 5호선,5호선,5호선,0,15,seoul5-0524,seoul5-0524,영등포시장,37.5227600,126.9051430,db,comp,524,영등포시장
seoul5,수도권 도시철도 5호선,5호선,5호선,0,16,seoul5-0525,gyeongbu-1032,신길,37.5176300,126.9148860,db,comp,525,신길
seoul5,수도권 도시철도 5호선,5호선,5호선,0,17,seoul5-0526,seoul5-0526,여의도,37.5216780,126.9243180,db,comp,526,여의도
seoul5,수도권 도시철도 5호선,5호선,5호선,0,18,seoul5-0527,seoul5-0527,여의나루,37.5270450,126.9328070,db,comp,527,여의나루
seoul5,수도권 도시철도 5호선,5호선,5호선,0,19,seoul5-0528,seoul5-0528,마포,37.5397180,126.9460430,db,comp,528,마포
seoul5,수도권 도시철도 5호선,5호선,5호선,0,20,seoul5-0529,arex-A02,공덕,37.5440050,126.9510580,db,comp,529,공덕
seoul5,수도권 도시철도 5호선,5호선,5호선,0,21,seoul5-0530,seoul5-0530,애오개,37.5535920,126.9567330,db,comp,530,애오개
seoul5,수도권 도시철도 5호선,5호선,5호선,0,22,seoul5-0531,seoul2-0243,충정로(경기대입구),37.5600610,126.9627830,db,comp,531,충정로(경기대입구)
seoul5,수도권 도시철도 5호선,5호선,5호선,0,23,seoul5-0532,seoul5-0532,서대문,37.5658120,126.9666390,db,comp,532,서대문
seoul5,수도권 도시철도 5호선,5호선,5호선,0,24,seoul5-0533,seoul5-0533,광화문(세종문화회관),37.5716450,126.9765680,db,comp,533,광화문(세종문화회관)
seoul5,수도권 도시철도 5호선,5호선,5호선,0,25,seoul5-0534,seoul1-0130,종로3가(탑골공원),37.5725460,126.9904470,db,comp,534,종로3가(탑골공원)
seoul5,수도권 도시철도 5호선,5호선,5호선,0,26,seoul5-0535,seoul2-0204,을지로4가,37.5672800,126.9981270,db,comp,535,을지로4가
seoul5,수도권 도시철도 5호선,5호선,5호선,0,27,seoul5-0536,seoul2-0205,동대문역사문화공원(DDP),37.5646820,127.0053300,db,comp,536,동대문역사문화공원
seoul5,수도권 도시철도 5호선,5호선,5호선,0,28,seoul5-0537,seoul5-0537,청구,37.5602370,127.0137900,db,comp,537,청구
seoul5,수도권 도시철도 5호선,5호선,5호선,0,29,seoul5-0538,seoul5-0538,신금호,37.5545040,127.0204030,db,comp,538,신금호
seoul5,수도권 도시철도 5호선,5호선,5호선,0,30,seoul5-0539,seoul5-0539,행당,37.5572970,127.0294820,db,comp,539,행당
seoul5,수도권 도시철도 5호선,5호선,5호선,0,31,seoul5-0540,bundang-1013,왕십리(성동구청),37.5619700,127.0372640,db,comp,540,왕십리
seoul5,수도권 도시철도 5호선,5호선,5호선,0,32,seoul5-0541,seoul5-0541,마장,37.5660660,127.0429210,db,comp,541,마장
seoul5,수도권 도시철도 5호선,5호선,5호선,0,33,seoul5-0542,seoul5-0542,답십리,37.5668330,127.0526600,db,comp,542,답십리
seoul5,수도권 도시철도 5호선,5호선,5호선,0,34,seoul5-0543,seoul5-0543,장한평,37.5614380,127.0646010,db,comp,543,장한평
seoul5,수도권 도시철도 5호선,5호선,5호선,0,35,seoul5-0544,seoul5-0544,군자(능동),37.5571020,127.0795590,db,comp,544,군자(능동)
seoul5,수도권 도시철도 5호선,5호선,5호선,0,36,seoul5-0545,seoul5-0545,아차산(어린이대공원후문),37.5520050,127.0896090,db,comp,545,아차산(어린이대공원후문)
seoul5,수도권 도시철도 5호선,5호선,5호선,0,37,seoul5-0546,seoul5-0546,광나루(장신대),37.5453010,127.1034780,db,comp,546,광나루(장신대)
seoul5,수도권 도시철도 5호선,5호선,5호선,0,38,seoul5-0547,seoul5-0547,천호(풍납토성),37.5385660,127.1235390,db,comp,547,천호(풍납토성)
seoul5,수도권 도시철도 5호선,5호선,5호선,0,39,seoul5-0548,seoul5-0548,강동,37.5358100,127.1324900,db,comp,548,강동
seoul5,수도권 도시철도 5호선,5호선,5호선,0,40,seoul5-0549,seoul5-0549,길동,37.5380220,127.1400850,db,comp,549,길동
seoul5,수도권 도시철도 5호선,5호선,5호선,0,41,seoul5-0550,seoul5-0550,굽은다리(강동구민회관앞),37.5454420,127.1428440,db,comp,550,굽은다리(강동구민회관앞)
seoul5,수도권 도시철도 5호선,5호선,5호선,0,42,seoul5-0551,seoul5-0551,명일,37.5513170,127.1440020,db,comp,551,명일
seoul5,수도권 도시철도 5호선,5호선,5호선,0,43,seoul5-0552,seoul5-0552,고덕,37.5550020,127.1542140,db,comp,552,고덕
seoul5,수도권 도시철도 5호선,5호선,5호선,0,44,seoul5-0553,seoul5-0553,상일동,37.5567140,127.1663810,db,comp,553,상일동
seoul5,수도권 도시철도 5호선,5호선,5호선,0,45,seoul5-0554,seoul5-0554,강일,37.5575210,127.1760180,db,comp,554,강일
seoul5,수도권 도시철도 5호선,5호선,5호선,0,46,seoul5-0555,seoul5-0555,미사,37.5630900,127.1929540,db,comp,555,미사
seoul5,수도권 도시철도 5호선,5호선,5호선,0,47,seoul5-0556,seoul5-0556,하남풍산,37.5522010,127.2038970,db,comp,556,하남풍산
seoul5,수도권 도시철도 5호선,5호선,5호선,0,48,seoul5-0557,seoul5-0557,하남시청(덕풍∙신장),37.5417230,127.2069010,db,comp,557,하남시청(덕풍∙신장)
seoul5,수도권 도시철도 5호선,5호선,5호선,0,49,seoul5-0558,seoul5-0558,하남검단산,37.5397290,127.2234270,db,comp,558,하남검단산
seoul6,수도권 도시철도 6호선,6호선,6호선,0,1,seoul6-0610,seoul6-0610,응암,37.5985900,126.9155830,db,comp,610,응암
seoul6,수도권 도시철도 6호선,6호선,6호선,0,2,seoul6-0611,seoul6-0611,역촌,37.6060500,126.9227640,db,comp,611,역촌
seoul6,수도권 도시철도 6호선,6호선,6호선,0,3,seoul6-0612,seoul3-0322,불광,37.6109190,126.9295040,db,comp,612,불광
seoul6,수도권 도시철도 6호선,6호선,6호선,0,4,seoul6-0613,seoul6-0613,독바위,37.6184130,126.9330350,db,comp,613,독바위
seoul6,수도권 도시철도 6호선,6호선,6호선,0,5,seoul6-0614,gtxa-N04,연신내,37.6184830,126.9204030,db,comp,614,연신내
seoul6,수도권 도시철도 6호선,6호선,6호선,0,6,seoul6-0615,seoul6-0615,구산,37.6111960,126.9172519,db,comp,615,구산
seoul6,수도권 도시철도 6호선,6호선,6호선,0,7,seoul6-0610,seoul6-0610,응암,37.5985900,126.9155830,db,added,,
seoul6,수도권 도시철도 6호선,6호선,6호선,0,8,seoul6-0616,seoul6-0616,새절(신사),37.5911480,126.9136130,db,comp,616,새절(신사)
seoul6,수도권 도시철도 6호선,6호선,6호선,0,9,seoul6-0617,seoul6-0617,증산(명지대앞),37.5839890,126.9097850,db,comp,617,증산(명지대앞)
seoul6,수도권 도시철도 6호선,6호선,6호선,0,10,seoul6-0618,arex-A04,디지털미디어시티,37.5760805,126.9013430,db,comp,618,디지털미디어시티
seoul6,수도권 도시철도 6호선,6호선,6호선,0,11,seoul6-0619,seoul6-0619,월드컵경기장(성산),37.5694390,126.8990770,db,comp,619,월드컵경기장(성산)
seoul6,수도권 도시철도 6호선,6호선,6호선,0,12,seoul6-0620,seoul6-0620,마포구청,37.5635290,126.9033560,db,comp,620,마포구청
seoul6,수도권 도시철도 6호선,6호선,6호선,0,13,seoul6-0621,seoul6-0621,망원,37.5560310,126.9101290,db,comp,621,망원
seoul6,수도권 도시철도 6호선,6호선,6호선,0,14,seoul6-0622,seoul2-0238,합정,37.5490330,126.9135460,db,comp,622,합정
seoul6,수도권 도시철도 6호선,6호선,6호선,0,15,seoul6-0623,seoul6-0623,상수,37.5477040,126.9229200,db,comp,623,상수
seoul6,수도권 도시철도 6호선,6호선,6호선,0,16,seoul6-0624,seoul6-0624,광흥창(서강),37.5474640,126.9319710,db,comp,624,광흥창(서강)
seoul6,수도권 도시철도 6호선,6호선,6호선,0,17,seoul6-0625,seoul6-0625,대흥(서강대앞),37.5477320,126.9422140,db,comp,625,대흥(서강대앞)
seoul6,수도권 도시철도 6호선,6호선,6호선,0,18,seoul6-0626,arex-A02,공덕,37.5435920,126.9516640,db,comp,626,공덕
seoul6,수도권 도시철도 6호선,6호선,6호선,0,19,seoul6-0627,gyeongui-1261,효창공원앞,37.5392790,126.9613480,db,comp,627,효창공원앞
seoul6,수도권 도시철도 6호선,6호선,6호선,0,20,seoul6-0628,seoul4-0428,삼각지(전쟁기념관),37.5355630,126.9739960,db,comp,628,삼각지(전쟁기념관)
seoul6,수도권 도시철도 6호선,6호선,6호선,0,21,seoul6-0629,seoul6-0629,녹사평(용산구청),37.5346900,126.9866500,db,comp,629,녹사평(용산구청)
seoul6,수도권 도시철도 6호선,6호선,6호선,0,22,seoul6-0630,seoul6-0630,이태원,37.5344850,126.9943690,db,comp,630,이태원
seoul6,수도권 도시철도 6호선,6호선,6호선,0,23,seoul6-0631,seoul6-0631,한강진,37.5395600,127.0017290,db,comp,631,한강진
seoul6,수도권 도시철도 6호선,6호선,6호선,0,24,seoul6-0632,seoul6-0632,버티고개,37.5479330,127.0069480,db,comp,632,버티고개
seoul6,수도권 도시철도 6호선,6호선,6호선,0,25,seoul6-0633,seoul3-0333,약수,37.5540870,127.0102370,db,comp,633,약수
seoul6,수도권 도시철도 6호선,6호선,6호선,0,26,seoul6-0634,seoul5-0537,청구,37.5602210,127.0137760,db,comp,634,청구
seoul6,수도권 도시철도 6호선,6호선,6호선,0,27,seoul6-0635,seoul2-0206,신당,37.5661740,127.0161580,db,comp,635,신당
seoul6,수도권 도시철도 6호선,6호선,6호선,0,28,seoul6-0636,seoul1-0127,동묘앞,37.5722750,127.0156660,db,comp,636,동묘앞
seoul6,수도권 도시철도 6호선,6호선,6호선,0,29,seoul6-0637,seoul6-0637,창신,37.5797720,127.0152460,db,comp,637,창신
seoul6,수도권 도시철도 6호선,6호선,6호선,0,30,seoul6-0638,seoul6-0638,보문,37.5854260,127.0197220,db,comp,638,보문
seoul6,수도권 도시철도 6호선,6호선,6호선,0,31,seoul6-0639,seoul6-0639,안암(고대병원앞),37.5862610,127.0290300,db,comp,639,안암(고대병원앞)
seoul6,수도권 도시철도 6호선,6호선,6호선,0,32,seoul6-0640,seoul6-0640,고려대(종암),37.5903400,127.0362600,db,comp,640,고려대(종암)
seoul6,수도권 도시철도 6호선,6호선,6호선,0,33,seoul6-0641,seoul6-0641,월곡(동덕여대),37.6019200,127.0414920,db,comp,641,월곡(동덕여대)
seoul6,수도권 도시철도 6호선,6호선,6호선,0,34,seoul6-0642,seoul6-0642,상월곡(한국과학기술연구원),37.6063920,127.0485090,db,comp,642,상월곡(한국과학기술연구원)
seoul6,수도권 도시철도 6호선,6호선,6호선,0,35,seoul6-0643,seoul6-0643,돌곶이,37.6105220,127.0564190,db,comp,643,돌곶이
seoul6,수도권 도시철도 6호선,6호선,6호선,0,36,seoul6-0644,gyeongwon-1018,석계,37.6149370,127.0659220,db,comp,644,석계
seoul6,수도권 도시철도 6호선,6호선,6호선,0,37,seoul6-0645,seoul6-0645,태릉입구,37.6173190,127.0747410,db,comp,645,태릉입구
seoul6,수도권 도시철도 6호선,6호선,6호선,0,38,seoul6-0646,seoul6-0646,화랑대(서울여대입구),37.6198750,127.0841060,db,comp,646,화랑대(서울여대입구)
seoul6,수도권 도시철도 6호선,6호선,6호선,0,39,seoul6-0647,seoul6-0647,봉화산(서울의료원),37.6174290,127.0912326,db,comp,647,봉화산(서울의료원)
seoul6,수도권 도시철도 6호선,6호선,6호선,0,40,seoul6-0648,gyeongchun-1311,신내,37.6125710,127.1043260,db,comp,648,신내
seoul7,수도권 도시철도 7호선,7호선,7호선,0,1,seoul7-0709,seoul7-0709,장암,37.7001500,127.0531260,db,comp,709,장암
seoul7,수도권 도시철도 7호선,7호선,7호선,0,2,seoul7-0710,gyeongwon-1903,도봉산,37.6891310,127.0465480,db,comp,710,도봉산
seoul7,수도권 도시철도 7호선,7호선,7호선,0,3,seoul7-0711,seoul7-0711,수락산,37.6778040,127.0553140,db,comp,711,수락산
seoul7,수도권 도시철도 7호선,7호선,7호선,0,4,seoul7-0712,seoul7-0712,마들,37.6649850,127.0577010,db,comp,712,마들
seoul7,수도권 도시철도 7호선,7호선,7호선,0,5,seoul7-0713,seoul7-0713,노원,37.6544780,127.0605550,db,comp,713,노원
seoul7,수도권 도시철도 7호선,7호선,7호선,0,6,seoul7-0714,seoul7-0714,중계,37.6450520,127.0640840,db,comp,714,중계
seoul7,수도권 도시철도 7호선,7호선,7호선,0,7,seoul7-0715,seoul7-0715,하계,37.6363630,127.0679990,db,comp,715,하계
seoul7,수도권 도시철도 7호선,7호선,7호선,0,8,seoul7-0716,seoul7-0716,공릉(서울과학기술대),37.6256420,127.0729690,db,comp,716,공릉(서울과학기술대)
seoul7,수도권 도시철도 7호선,7호선,7호선,0,9,seoul7-0717,seoul6-0645,태릉입구,37.6185190,127.0753610,db,comp,717,태릉입구
seoul7,수도권 도시철도 7호선,7호선,7호선,0,10,seoul7-0718,seoul7-0718,먹골,37.6106380,127.0777190,db,comp,718,먹골
seoul7,수도권 도시철도 7호선,7호선,7호선,0,11,seoul7-0719,seoul7-0719,중화,37.6026040,127.0792540,db,comp,719,중화
seoul7,수도권 도시철도 7호선,7호선,7호선,0,12,seoul7-0720,gyeongchun-1202,상봉,37.5956730,127.0857080,db,comp,720,상봉
seoul7,수도권 도시철도 7호선,7호선,7호선,0,13,seoul7-0721,seoul7-0721,면목,37.5886710,127.0875030,db,comp,721,면목
seoul7,수도권 도시철도 7호선,7호선,7호선,0,14,seoul7-0722,seoul7-0722,사가정,37.5809120,127.0885020,db,comp,722,사가정
seoul7,수도권 도시철도 7호선,7호선,7호선,0,15,seoul7-0723,seoul7-0723,용마산(용마폭포공원),37.5737520,127.0868020,db,comp,723,용마산
seoul7,수도권 도시철도 7호선,7호선,7호선,0,16,seoul7-0724,seoul7-0724,중곡,37.5658770,127.0842910,db,comp,724,중곡
seoul7,수도권 도시철도 7호선,7호선,7호선,0,17,seoul7-0725,seoul5-0544,군자(능동),37.5571510,127.0794840,db,comp,725,군자(능동)
seoul7,수도권 도시철도 7호선,7호선,7호선,0,18,seoul7-0726,seoul7-0726,어린이대공원(세종대),37.5479620,127.0746500,db,comp,726,어린이대공원(세종대)
seoul7,수도권 도시철도 7호선,7호선,7호선,0,19,seoul7-0727,seoul2-0212,건대입구,37.5408820,127.0711030,db,comp,727,건대입구
seoul7,수도권 도시철도 7호선,7호선,7호선,0,20,seoul7-0728,seoul7-0728,자양(뚝섬한강공원),37.5315580,127.0667140,db,comp,728,자양(뚝섬한강공원)
seoul7,수도권 도시철도 7호선,7호선,7호선,0,21,seoul7-0729,seoul7-0729,청담,37.5190970,127.0518510,db,comp,729,청담
seoul7,수도권 도시철도 7호선,7호선,7호선,0,22,seoul7-0730,bundang-1849,강남구청,37.5171850,127.0412200,db,comp,730,강남구청
seoul7,수도권 도시철도 7호선,7호선,7호선,0,23,seoul7-0731,seoul7-0731,학동,37.5142620,127.0317380,db,comp,731,학동
seoul7,수도권 도시철도 7호선,7호선,7호선,0,24,seoul7-0732,seoul7-0732,논현,37.5111080,127.0213850,db,comp,732,논현
seoul7,수도권 도시철도 7호선,7호선,7호선,0,25,seoul7-0733,seoul7-0733,반포,37.5081710,127.0117170,db,comp,733,반포
seoul7,수도권 도시철도 7호선,7호선,7호선,0,26,seoul7-0734,seoul3-0339,고속터미널,37.5033870,127.0050550,db,comp,734,고속터미널
seoul7,수도권 도시철도 7호선,7호선,7호선,0,27,seoul7-0735,seoul7-0735,내방,37.4876400,126.9935410,db,comp,735,내방
seoul7,수도권 도시철도 7호선,7호선,7호선,0,28,seoul7-0736,seoul7-0736,이수,37.4852580,126.9817660,db,comp,736,이수
seoul7,수도권 도시철도 7호선,7호선,7호선,0,29,seoul7-0737,seoul7-0737,남성,37.4846880,126.9711080,db,comp,737,남성
seoul7,수도권 도시철도 7호선,7호선,7호선,0,30,seoul7-0738,seoul7-0738,숭실대입구(살피재),37.4962580,126.9536490,db,comp,738,숭실대입구(살피재)
seoul7,수도권 도시철도 7호선,7호선,7호선,0,31,seoul7-0739,seoul7-0739,상도,37.5027900,126.9479490,db,comp,739,상도
seoul7,수도권 도시철도 7호선,7호선,7호선,0,32,seoul7-0740,seoul7-0740,장승배기,37.5048450,126.9390250,db,comp,740,장승배기
seoul7,수도권 도시철도 7호선,7호선,7호선,0,33,seoul7-0741,seoul7-0741,신대방삼거리,37.4997170,126.9282180,db,comp,741,신대방삼거리
seoul7,수도권 도시철도 7호선,7호선,7호선,0,34,seoul7-0742,seoul7-0742,보라매,37.4999160,126.9201120,db,comp,742,보라매
seoul7,수도권 도시철도 7호선,7호선,7호선,0,35,seoul7-0743,seoul7-0743,신풍,37.5001070,126.9098060,db,comp,743,신풍
seoul7,수도권 도시철도 7호선,7호선,7호선,0,36,seoul7-0744,seoul2-0233,대림(구로구청),37.4929840,126.8969970,db,comp,744,대림(구로구청)
seoul7,수도권 도시철도 7호선,7호선,7호선,0,37,seoul7-0745,seoul7-0745,남구로,37.4861810,126.8873720,db,comp,745,남구로
seoul7,수도권 도시철도 7호선,7호선,7호선,0,38,seoul7-0746,gyeongbu-1702,가산디지털단지,37.4803760,126.8827040,db,comp,746,가산디지털단지
seoul7,수도권 도시철도 7호선,7호선,7호선,0,39,seoul7-0747,seoul7-0747,철산,37.4761600,126.8682170,db,comp,747,철산
seoul7,수도권 도시철도 7호선,7호선,7호선,0,40,seoul7-0748,seoul7-0748,광명사거리,37.4792700,126.8548540,db,comp,748,광명사거리
seoul7,수도권 도시철도 7호선,7호선,7호선,0,41,seoul7-0749,seoul7-0749,천왕,37.4866990,126.8386840,db,comp,749,천왕
seoul7,수도권 도시철도 7호선,7호선,7호선,0,42,seoul7-0750,gyeongin-1821,온수(성공회대입구),37.4920590,126.8232940,db,comp,750,온수(성공회대입구)
incheon7,도시철도 7호선,7호선,도시철도 7호선,0,1,seoul7-0750,gyeongin-1821,온수(성공회대입구),37.4920590,126.8232940,db,added,,
incheon7,도시철도 7호선,7호선,도시철도 7호선,0,2,incheon7-3753,incheon7-3753,까치울,37.5062360,126.8109500,db,comp,3753,까치울역
incheon7,도시철도 7호선,7호선,도시철도 7호선,0,3,incheon7-3754,incheon7-3754,부천종합운동장,37.5053810,126.7973500,db,comp,3754,부천종합운동장역
incheon7,도시철도 7호선,7호선,도시철도 7호선,0,4,incheon7-3755,incheon7-3755,춘의,37.5036500,126.7870690,db,comp,3755,춘의역
incheon7,도시철도 7호선,7호선,도시철도 7호선,0,5,incheon7-3756,incheon7-3756,신중동,37.5030810,126.7761610,db,comp,3756,신중동역
incheon7,도시철도 7호선,7호선,도시철도 7호선,0,6,incheon7-3757,incheon7-3757,부천시청,37.5046110,126.7635610,db,comp,3757,부천시청역
incheon7,도시철도 7호선,7호선,도시철도 7호선,0,7,incheon7-3758,incheon7-3758,상동,37.5057690,126.7530810,db,comp,3758,상동역
seoul8,수도권 도시철도 8호선,8호선,8호선,0,1,seoul8-806,seoul8-806,동구릉,37.6105560,127.1350560,db,added,,
seoul8,수도권 도시철도 8호선,8호선,8호선,0,2,seoul8-807,gyeongui-1205,구리(구리전통시장),37.6025600,127.1407300,db,added,,
seoul8,수도권 도시철도 8호선,8호선,8호선,0,3,seoul8-808,seoul8-808,장자호수공원,37.5872220,127.1379300,db,added,,
seoul8,수도권 도시철도 8호선,8호선,8호선,0,4,seoul8-0809,seoul8-0809,암사역사공원,37.5571670,127.1375560,db,comp,809,암사역사공원
seoul8,수도권 도시철도 8호선,8호선,8호선,0,5,seoul8-0810,seoul8-0810,암사,37.5501270,127.1275210,db,comp,810,암사
seoul8,수도권 도시철도 8호선,8호선,8호선,0,6,seoul8-0811,seoul5-0547,천호(풍납토성),37.5379200,127.1231790,db,comp,811,천호(풍납토성)
seoul8,수도권 도시철도 8호선,8호선,8호선,0,7,seoul8-0812,seoul8-0812,강동구청,37.5303480,127.1204610,db,comp,812,강동구청
seoul8,수도권 도시철도 8호선,8호선,8호선,0,8,seoul8-0813,seoul8-0813,몽촌토성(평화의문),37.5176920,127.1127400,db,comp,813,몽촌토성(평화의문)
seoul8,수도권 도시철도 8호선,8호선,8호선,0,9,seoul8-0814,seoul8-0814,잠실(송파구청),37.5146490,127.1042670,db,comp,814,잠실(송파구청)
seoul8,수도권 도시철도 8호선,8호선,8호선,0,10,seoul8-0815,metro9-4133,석촌,37.5053960,127.1069950,db,comp,815,석촌
seoul8,수도권 도시철도 8호선,8호선,8호선,0,11,seoul8-0816,seoul8-0816,송파,37.4997800,127.1121200,db,comp,816,송파
seoul8,수도권 도시철도 8호선,8호선,8호선,0,12,seoul8-0817,seoul3-0350,가락시장,37.4930040,127.1182790,db,comp,817,가락시장
seoul8,수도권 도시철도 8호선,8호선,8호선,0,13,seoul8-0818,seoul8-0818,문정,37.4859310,127.1224730,db,comp,818,문정
seoul8,수도권 도시철도 8호선,8호선,8호선,0,14,seoul8-0819,seoul8-0819,장지,37.4786090,127.1262290,db,comp,819,장지
seoul8,수도권 도시철도 8호선,8호선,8호선,0,15,seoul8-0820,bundang-1031,복정,37.4710160,127.1267460,db,comp,820,복정
seoul8,수도권 도시철도 8호선,8호선,8호선,0,16,seoul8-0821,seoul8-0821,남위례,37.4628390,127.1390470,db,comp,821,남위례
seoul8,수도권 도시철도 8호선,8호선,8호선,0,17,seoul8-0822,seoul8-0822,산성,37.4568860,127.1499270,db,comp,822,산성
seoul8,수도권 도시철도 8호선,8호선,8호선,0,18,seoul8-0823,seoul8-0823,남한산성입구(성남법원·검찰청),37.4515680,127.1598450,db,comp,823,남한산성입구(성남법원·검찰청)
seoul8,수도권 도시철도 8호선,8호선,8호선,0,19,seoul8-0824,seoul8-0824,단대오거리,37.4450570,127.1567350,db,comp,824,단대오거리
seoul8,수도권 도시철도 8호선,8호선,8호선,0,20,seoul8-0825,seoul8-0825,신흥,37.4409520,127.1475900,db,comp,825,신흥
seoul8,수도권 도시철도 8호선,8호선,8호선,0,21,seoul8-0826,seoul8-0826,수진,37.4375750,127.1409360,db,comp,826,수진
seoul8,수도권 도시철도 8호선,8호선,8호선,0,22,seoul8-0827,bundang-1853,모란,37.4339880,127.1299210,db,comp,827,모란
seoul9,서울 도시철도 9호선,9호선,서울 도시철도 9호선,0,1,seoul9-4101,seoul9-4101,개화,37.5785910,126.7978330,db,comp,4101,개화
seoul9,서울 도시철도 9호선,9호선,서울 도시철도 9호선,0,2,seoul9-4102,arex-A05,김포공항,37.5620560,126.8016330,db,comp,4102,김포공항
seoul9,서울 도시철도 9호선,9호선,서울 도시철도 9호선,0,3,seoul9-4103,seoul9-4103,공항시장,37.5637260,126.8106780,db,comp,4103,공항시장
seoul9,서울 도시철도 9호선,9호선,서울 도시철도 9호선,0,4,seoul9-4104,seoul9-4104,신방화,37.5675000,126.8166670,db,comp,4104,신방화
seoul9,서울 도시철도 9호선,9호선,서울 도시철도 9호선,0,5,seoul9-4105,arex-A042,마곡나루(서울식물원),37.5667170,126.8276071,db,comp,4105,마곡나루(서울식물원)
seoul9,서울 도시철도 9호선,9호선,서울 도시철도 9호선,0,6,seoul9-4106,seoul9-4106,양천향교,37.5683330,126.8413890,db,comp,4106,양천향교
seoul9,서울 도시철도 9호선,9호선,서울 도시철도 9호선,0,7,seoul9-4107,seoul9-4107,가양,37.5611110,126.8550780,db,comp,4107,가양
seoul9,서울 도시철도 9호선,9호선,서울 도시철도 9호선,0,8,seoul9-4108,seoul9-4108,증미,37.5578500,126.8610670,db,comp,4108,증미
seoul9,서울 도시철도 9호선,9호선,서울 도시철도 9호선,0,9,seoul9-4109,seoul9-4109,등촌,37.5511110,126.8647220,db,comp,4109,등촌
seoul9,서울 도시철도 9호선,9호선,서울 도시철도 9호선,0,10,seoul9-4110,seoul9-4110,염창,37.5469440,126.8747220,db,comp,4110,염창
seoul9,서울 도시철도 9호선,9호선,서울 도시철도 9호선,0,11,seoul9-4111,seoul9-4111,신목동,37.5441670,126.8830560,db,comp,4111,신목동
seoul9,서울 도시철도 9호선,9호선,서울 도시철도 9호선,0,12,seoul9-4112,seoul9-4112,선유도,37.5377780,126.8938890,db,comp,4112,선유도
seoul9,서울 도시철도 9호선,9호선,서울 도시철도 9호선,0,13,seoul9-4113,seoul2-0237,당산,37.5338440,126.9022220,db,comp,4113,당산
seoul9,서울 도시철도 9호선,9호선,서울 도시철도 9호선,0,14,seoul9-4114,seoul9-4114,국회의사당,37.5281050,126.9178740,db,comp,4114,국회의사당
seoul9,서울 도시철도 9호선,9호선,서울 도시철도 9호선,0,15,seoul9-4115,seoul5-0526,여의도,37.5217440,126.9241670,db,comp,4115,여의도
seoul9,서울 도시철도 9호선,9호선,서울 도시철도 9호선,0,16,seoul9-4116,seoul9-4116,샛강,37.5173000,126.9284000,db,comp,4116,샛강
seoul9,서울 도시철도 9호선,9호선,서울 도시철도 9호선,0,17,seoul9-4117,gyeongbu-1004,노량진,37.5136670,126.9409170,db,comp,4117,노량진
seoul9,서울 도시철도 9호선,9호선,서울 도시철도 9호선,0,18,seoul9-4118,seoul9-4118,노들,37.5127260,126.9530960,db,comp,4118,노들
seoul9,서울 도시철도 9호선,9호선,서울 도시철도 9호선,0,19,seoul9-4119,seoul9-4119,흑석(중앙대입구),37.5088890,126.9636110,db,comp,4119,흑석(중앙대입구)
seoul9,서울 도시철도 9호선,9호선,서울 도시철도 9호선,0,20,seoul9-4120,seoul4-0431,동작(현충원),37.5028780,126.9782780,db,comp,4120,동작(현충원)
seoul9,서울 도시철도 9호선,9호선,서울 도시철도 9호선,0,21,seoul9-4121,seoul9-4121,구반포,37.5013890,126.9872220,db,comp,4121,구반포
seoul9,서울 도시철도 9호선,9호선,서울 도시철도 9호선,0,22,seoul9-4122,seoul9-4122,신반포,37.5035033,126.9960440,db,comp,4122,신반포
seoul9,서울 도시철도 9호선,9호선,서울 도시철도 9호선,0,23,seoul9-4123,seoul3-0339,고속터미널,37.5059330,127.0040440,db,comp,4123,고속터미널
seoul9,서울 도시철도 9호선,9호선,서울 도시철도 9호선,0,24,seoul9-4124,seoul9-4124,사평,37.5041610,127.0152190,db,comp,4124,사평
seoul9,서울 도시철도 9호선,9호선,서울 도시철도 9호선,0,25,seoul9-4125,seoul9-4125,신논현,37.5044440,127.0244170,db,comp,4125,신논현
seoul9,서울 도시철도 9호선,9호선,서울 도시철도 9호선,0,26,metro9-4126,metro9-4126,언주,37.5072870,127.0338680,db,comp,4126,언주
seoul9,서울 도시철도 9호선,9호선,서울 도시철도 9호선,0,27,metro9-4127,bundang-1850,선정릉,37.5102800,127.0437593,db,comp,4127,선정릉
seoul9,서울 도시철도 9호선,9호선,서울 도시철도 9호선,0,28,metro9-4128,metro9-4128,삼성중앙,37.5130110,127.0532820,db,comp,4128,삼성중앙
seoul9,서울 도시철도 9호선,9호선,서울 도시철도 9호선,0,29,metro9-4129,metro9-4129,봉은사,37.5142190,127.0602450,db,comp,4129,봉은사
seoul9,서울 도시철도 9호선,9호선,서울 도시철도 9호선,0,30,metro9-4130,metro9-4130,종합운동장,37.5111560,127.0769170,db,comp,4130,종합운동장
seoul9,서울 도시철도 9호선,9호선,서울 도시철도 9호선,0,31,metro9-4131,metro9-4131,삼전,37.5045310,127.0872110,db,comp,4131,삼전
seoul9,서울 도시철도 9호선,9호선,서울 도시철도 9호선,0,32,metro9-4132,metro9-4132,석촌고분,37.5024390,127.0966110,db,comp,4132,석촌고분
seoul9,서울 도시철도 9호선,9호선,서울 도시철도 9호선,0,33,metro9-4133,metro9-4133,석촌,37.5050780,127.1069440,db,comp,4133,석촌
seoul9,서울 도시철도 9호선,9호선,서울 도시철도 9호선,0,34,metro9-4134,metro9-4134,송파나루,37.5105500,127.1124510,db,comp,4134,송파나루
seoul9,서울 도시철도 9호선,9호선,서울 도시철도 9호선,0,35,metro9-4135,metro9-4135,한성백제,37.5163690,127.1162110,db,comp,4135,한성백제
seoul9,서울 도시철도 9호선,9호선,서울 도시철도 9호선,0,36,metro9-4136,metro9-4136,올림픽공원(한국체대),37.5161110,127.1303330,db,comp,4136,올림픽공원
seoul9,서울 도시철도 9호선,9호선,서울 도시철도 9호선,0,37,metro9-4137,metro9-4137,둔촌오륜,37.5193390,127.1386190,db,comp,4137,둔촌오륜
seoul9,서울 도시철도 9호선,9호선,서울 도시철도 9호선,0,38,metro9-4138,metro9-4138,중앙보훈병원,37.5288070,127.1484880,db,comp,4138,중앙보훈병원
everline,수도권 경량도시철도 에버라인,용인에버라인,에버라인,0,1,everline-Y110,bundang-1865,기흥(백남준아트센터),37.2754529,127.1170465,db,comp,Y110,기흥(백남준아트센터)
everline,수도권 경량도시철도 에버라인,용인에버라인,에버라인,0,2,everline-Y111,everline-Y111,강남대,37.2701707,127.1260669,db,comp,Y111,강남대
everline,수도권 경량도시철도 에버라인,용인에버라인,에버라인,0,3,everline-Y112,everline-Y112,지석,37.2697373,127.1363256,db,comp,Y112,지석
everline,수도권 경량도시철도 에버라인,용인에버라인,에버라인,0,4,everline-Y113,everline-Y113,어정,37.2749513,127.1437499,db,comp,Y113,어정
everline,수도권 경량도시철도 에버라인,용인에버라인,에버라인,0,5,everline-Y114,everline-Y114,동백(용인세브란스),37.2691014,127.1526906,db,comp,Y114,동백
everline,수도권 경량도시철도 에버라인,용인에버라인,에버라인,0,6,everline-Y115,everline-Y115,초당,37.2608065,127.1594692,db,comp,Y115,초당
everline,수도권 경량도시철도 에버라인,용인에버라인,에버라인,0,7,everline-Y116,everline-Y116,삼가,37.2420599,127.1681800,db,comp,Y116,삼가
everline,수도권 경량도시철도 에버라인,용인에버라인,에버라인,0,8,everline-Y117,everline-Y117,시청·용인대,37.2394420,127.1788851,db,comp,Y117,시청·용인대
everline,수도권 경량도시철도 에버라인,용인에버라인,에버라인,0,9,everline-Y118,everline-Y118,명지대,37.2380763,127.1902913,db,comp,Y118,명지대
everline,수도권 경량도시철도 에버라인,용인에버라인,에버라인,0,10,everline-Y119,everline-Y119,김량장,37.2373238,127.1986109,db,comp,Y119,김량장
everline,수도권 경량도시철도 에버라인,용인에버라인,에버라인,0,11,everline-Y120,everline-Y120,용인중앙시장(용인예술과학대),37.2379113,127.2090526,db,comp,Y120,용인중앙시장(용인예술과학대)
everline,수도권 경량도시철도 에버라인,용인에버라인,에버라인,0,12,everline-Y121,everline-Y121,고진,37.2446383,127.2141836,db,comp,Y121,고진
everline,수도권 경량도시철도 에버라인,용인에버라인,에버라인,0,13,everline-Y122,everline-Y122,보평,37.2589643,127.2184808,db,comp,Y122,보평
everline,수도권 경량도시철도 에버라인,용인에버라인,에버라인,0,14,everline-Y123,everline-Y123,둔전,37.2672122,127.2136387,db,comp,Y123,둔전
everline,수도권 경량도시철도 에버라인,용인에버라인,에버라인,0,15,everline-Y124,everline-Y124,전대·에버랜드,37.2854133,127.2195090,db,comp,Y124,전대·에버랜드
uisinseol,수도권 경량도시철도 우이신설선,우이신설선,우이신설선,0,1,uisinseol-S110,uisinseol-S110,북한산우이,37.6628400,127.0127200,db,comp,S110,북한산우이
uisinseol,수도권 경량도시철도 우이신설선,우이신설선,우이신설선,0,2,uisinseol-S111,uisinseol-S111,솔밭공원,37.6560700,127.0132600,db,comp,S111,솔밭공원
uisinseol,수도권 경량도시철도 우이신설선,우이신설선,우이신설선,0,3,uisinseol-S112,uisinseol-S112,4.19민주묘지,37.6495400,127.0137100,db,comp,S112,4.19민주묘지
uisinseol,수도권 경량도시철도 우이신설선,우이신설선,우이신설선,0,4,uisinseol-S113,uisinseol-S113,가오리,37.6416200,127.0168100,db,comp,S113,가오리
uisinseol,수도권 경량도시철도 우이신설선,우이신설선,우이신설선,0,5,uisinseol-S114,uisinseol-S114,화계,37.6342800,127.0175000,db,comp,S114,화계
uisinseol,수도권 경량도시철도 우이신설선,우이신설선,우이신설선,0,6,uisinseol-S115,uisinseol-S115,삼양,37.6270600,127.0181700,db,comp,S115,삼양
uisinseol,수도권 경량도시철도 우이신설선,우이신설선,우이신설선,0,7,uisinseol-S116,uisinseol-S116,삼양사거리,37.6214400,127.0204900,db,comp,S116,삼양사거리
uisinseol,수도권 경량도시철도 우이신설선,우이신설선,우이신설선,0,8,uisinseol-S117,uisinseol-S117,솔샘,37.6203700,127.0135700,db,comp,S117,솔샘
uisinseol,수도권 경량도시철도 우이신설선,우이신설선,우이신설선,0,9,uisinseol-S118,uisinseol-S118,북한산보국문,37.6123300,127.0081600,db,comp,S118,북한산보국문
uisinseol,수도권 경량도시철도 우이신설선,우이신설선,우이신설선,0,10,uisinseol-S119,uisinseol-S119,정릉,37.6027800,127.0134500,db,comp,S119,정릉
uisinseol,수도권 경량도시철도 우이신설선,우이신설선,우이신설선,0,11,uisinseol-S120,seoul4-0418,성신여대입구,37.5924700,127.0165600,db,comp,S120,성신여대입구
uisinseol,수도권 경량도시철도 우이신설선,우이신설선,우이신설선,0,12,uisinseol-S121,seoul6-0638,보문,37.5855100,127.0193900,db,comp,S121,보문
uisinseol,수도권 경량도시철도 우이신설선,우이신설선,우이신설선,0,13,uisinseol-S122,seoul1-0126,신설동,37.5765900,127.0232210,db,comp,S122,신설동
uijeongbu,의정부,의정부경전철,의정부,0,1,uijeongbu-U110,uijeongbu-U110,발곡,37.7269830,127.0528890,db,comp,U110,발곡
uijeongbu,의정부,의정부경전철,의정부,0,2,uijeongbu-U111,gyeongwon-1905,회룡,37.7250526,127.0467864,db,comp,U111,회룡
uijeongbu,의정부,의정부경전철,의정부,0,3,uijeongbu-U112,uijeongbu-U112,범골,37.7287279,127.0437202,db,comp,U112,범골
uijeongbu,의정부,의정부경전철,의정부,0,4,uijeongbu-U113,uijeongbu-U113,경전철의정부,37.7372997,127.0433210,db,comp,U113,경전철의정부
uijeongbu,의정부,의정부경전철,의정부,0,5,uijeongbu-U114,uijeongbu-U114,의정부시청,37.7392487,127.0348540,db,comp,U114,의정부시청
uijeongbu,의정부,의정부경전철,의정부,0,6,uijeongbu-U115,uijeongbu-U115,흥선,37.7432249,127.0371765,db,comp,U115,흥선
uijeongbu,의정부,의정부경전철,의정부,0,7,uijeongbu-U117,uijeongbu-U117,의정부중앙,37.7437190,127.0496332,db,comp,U117,의정부중앙
uijeongbu,의정부,의정부경전철,의정부,0,8,uijeongbu-U118,uijeongbu-U118,동오,37.7451912,127.0570300,db,comp,U118,동오
uijeongbu,의정부,의정부경전철,의정부,0,9,uijeongbu-U119,uijeongbu-U119,새말,37.7488994,127.0638690,db,comp,U119,새말
uijeongbu,의정부,의정부경전철,의정부,0,10,uijeongbu-U120,uijeongbu-U120,경기도청북부청사,37.7507321,127.0714795,db,comp,U120,경기도청북부청사
uijeongbu,의정부,의정부경전철,의정부,0,11,uijeongbu-U121,uijeongbu-U121,효자,37.7539845,127.0773155,db,comp,U121,효자
uijeongbu,의정부,의정부경전철,의정부,0,12,uijeongbu-U122,uijeongbu-U122,곤제,37.7505434,127.0838651,db,comp,U122,곤제
uijeongbu,의정부,의정부경전철,의정부,0,13,uijeongbu-U123,uijeongbu-U123,어룡,37.7427218,127.0852045,db,comp,U123,어룡(용현산업단지)
uijeongbu,의정부,의정부경전철,의정부,0,14,uijeongbu-U124,uijeongbu-U124,송산,37.7371698,127.0872755,db,comp,U124,송산
uijeongbu,의정부,의정부경전철,의정부,0,15,uijeongbu-U125,uijeongbu-U125,탑석,37.7335536,127.0889064,db,comp,U125,탑석
gyeonggang,경강선,경강선,경강선,0,1,gyeonggang-1501,gyeonggang-1501,판교역,37.3947980,127.1111350,db,comp,1501,판교역
gyeonggang,경강선,경강선,경강선,0,2,gyeonggang-1512,gtxa-X109,성남역,37.3947090,127.1194900,db,comp,1512,성남역
gyeonggang,경강선,경강선,경강선,0,3,gyeonggang-1502,bundang-1860,이매역,37.3947360,127.1270480,db,comp,1502,이매역
gyeonggang,경강선,경강선,경강선,0,4,gyeonggang-1503,gyeonggang-1503,삼동역,37.4087310,127.2034470,db,comp,1503,삼동역
gyeonggang,경강선,경강선,경강선,0,5,gyeonggang-1504,gyeonggang-1504,경기광주역,37.3989740,127.2532010,db,comp,1504,경기광주역
gyeonggang,경강선,경강선,경강선,0,6,gyeonggang-1505,gyeonggang-1505,초월역,37.3733890,127.2999960,db,comp,1505,초월역
gyeonggang,경강선,경강선,경강선,0,7,gyeonggang-1506,gyeonggang-1506,곤지암역,37.3505250,127.3461860,db,comp,1506,곤지암역
gyeonggang,경강선,경강선,경강선,0,8,gyeonggang-1507,gyeonggang-1507,신둔도예촌역,37.3154990,127.4052510,db,comp,1507,신둔도예촌역
gyeonggang,경강선,경강선,경강선,0,9,gyeonggang-1508,gyeonggang-1508,이천역,37.2642220,127.4421350,db,comp,1508,이천역
gyeonggang,경강선,경강선,경강선,0,10,gyeonggang-1509,gyeonggang-1509,부발역,37.2604110,127.4903030,db,comp,1509,부발역
gyeonggang,경강선,경강선,경강선,0,11,gyeonggang-1510,gyeonggang-1510,세종대왕릉역,37.2936360,127.5707640,db,comp,1510,세종대왕릉역
gyeonggang,경강선,경강선,경강선,0,12,gyeonggang-1511,gyeonggang-1511,여주역,37.2828810,127.6285710,db,comp,1511,여주역
suin,수인선,수인분당선,수인선,0,1,bundang-1846,bundang-1846,수원역(분당),37.2661620,127.0000820,db,added,,
suin,수인선,수인분당선,수인선,0,2,suin-1873,suin-1873,고색역,37.2498290,126.9805899,db,comp,1873,고색역
suin,수인선,수인분당선,수인선,0,3,suin-1874,suin-1874,오목천역,37.2430110,126.9636354,db,comp,1874,오목천역
suin,수인선,수인분당선,수인선,0,4,suin-1875,suin-1875,어천역,37.2500760,126.9088050,db,comp,1875,어천역
suin,수인선,수인분당선,수인선,0,5,suin-1876,suin-1876,야목역,37.2612110,126.8840290,db,comp,1876,야목역
suin,수인선,수인분당선,수인선,0,6,suin-1877,suin-1877,사리역,37.2908090,126.8571720,db,comp,1877,사리역
suin,수인선,수인분당선,수인선,0,7,suin-1755,ansangwacheon-1755,한대앞역,37.3099850,126.8535060,db,added,,
suin,수인선,수인분당선,수인선,0,8,suin-1756,ansangwacheon-1756,중앙역,37.3160550,126.8385320,db,added,,
suin,수인선,수인분당선,수인선,0,9,suin-1757,ansangwacheon-1757,고잔역,37.3168210,126.8230940,db,added,,
suin,수인선,수인분당선,수인선,0,10,suin-1758,ansangwacheon-1758,초지역,37.3205830,126.8061510,db,added,,
suin,수인선,수인분당선,수인선,0,11,suin-1759,ansangwacheon-1759,안산역,37.3270060,126.7887480,db,added,,
suin,수인선,수인분당선,수인선,0,12,suin-1760,ansangwacheon-1760,능길역,37.3374880,126.7673060,db,added,,
suin,수인선,수인분당선,수인선,0,13,suin-1761,ansangwacheon-1761,정왕역,37.3518160,126.7428440,db,added,,
suin,수인선,수인분당선,수인선,0,14,suin-1762,ansangwacheon-1762,오이도역,37.3617730,126.7384370,db,added,,
suin,수인선,수인분당선,수인선,0,15,suin-1878,suin-1878,달월역,37.3799930,126.7454310,db,comp,1878,달월역
suin,수인선,수인분당선,수인선,0,16,suin-1879,suin-1879,월곶역,37.3918900,126.7427410,db,comp,1879,월곶역
bundang,분당선,수인분당선,분당선,0,1,seoul1-0124,gyeongui-1014,청량리(서울시립대입구),37.5801480,127.0450630,db,added,,
bundang,분당선,수인분당선,분당선,0,2,bundang-1013,bundang-1013,왕십리역,37.5610128,127.0387050,db,added,,
bundang,분당선,수인분당선,분당선,0,3,bundang-1847,bundang-1847,서울숲역,37.5436470,127.0446860,db,comp,1847,서울숲역
bundang,분당선,수인분당선,분당선,0,4,bundang-1848,bundang-1848,압구정로데오역,37.5273850,127.0405550,db,comp,1848,압구정로데오역
bundang,분당선,수인분당선,분당선,0,5,bundang-1849,bundang-1849,강남구청역,37.5165720,127.0415750,db,comp,1849,강남구청역
bundang,분당선,수인분당선,분당선,0,6,bundang-1850,bundang-1850,선정릉역,37.5107750,127.0437170,db,comp,1850,선정릉역
bundang,분당선,수인분당선,분당선,0,7,bundang-1023,bundang-1023,선릉역,37.5044790,127.0489410,db,comp,1023,선릉역
bundang,분당선,수인분당선,분당선,0,8,bundang-1024,bundang-1024,한티역,37.4962080,127.0528830,db,comp,1024,한티역
bundang,분당선,수인분당선,분당선,0,9,bundang-1025,bundang-1025,도곡역,37.4909140,127.0553930,db,comp,1025,도곡역
bundang,분당선,수인분당선,분당선,0,10,bundang-1026,bundang-1026,구룡역,37.4869850,127.0594960,db,comp,1026,구룡역
bundang,분당선,수인분당선,분당선,0,11,bundang-1027,bundang-1027,개포동역,37.4891120,127.0660270,db,comp,1027,개포동역
bundang,분당선,수인분당선,분당선,0,12,bundang-1028,bundang-1028,대모산입구역,37.4913470,127.0727020,db,comp,1028,대모산입구역
bundang,분당선,수인분당선,분당선,0,13,bundang-1030,bundang-1030,수서역,37.4876330,127.1011180,db,comp,1030,수서역
bundang,분당선,수인분당선,분당선,0,14,bundang-1031,bundang-1031,복정역,37.4697530,127.1266270,db,comp,1031,복정역
bundang,분당선,수인분당선,분당선,0,15,bundang-1851,bundang-1851,가천대역,37.4487840,127.1266770,db,comp,1851,가천대역
bundang,분당선,수인분당선,분당선,0,16,bundang-1852,bundang-1852,태평역,37.4398420,127.1277460,db,comp,1852,태평역
bundang,분당선,수인분당선,분당선,0,17,bundang-1853,bundang-1853,모란역,37.4321240,127.1290640,db,comp,1853,모란역
bundang,분당선,수인분당선,분당선,0,18,bundang-1854,bundang-1854,야탑역,37.4113200,127.1286610,db,comp,1854,야탑역
bundang,분당선,수인분당선,분당선,0,19,bundang-1860,bundang-1860,이매역,37.3958460,127.1282720,db,comp,1860,이매역
bundang,분당선,수인분당선,분당선,0,20,bundang-1855,bundang-1855,서현역,37.3849310,127.1232490,db,comp,1855,서현역
bundang,분당선,수인분당선,분당선,0,21,bundang-1856,bundang-1856,수내역,37.3784350,127.1142160,db,comp,1856,수내역
bundang,분당선,수인분당선,분당선,0,22,bundang-1857,bundang-1857,정자역,37.3660370,127.1080910,db,comp,1857,정자역
bundang,분당선,수인분당선,분당선,0,23,bundang-1858,bundang-1858,미금역,37.3500780,127.1089520,db,comp,1858,미금역
bundang,분당선,수인분당선,분당선,0,24,bundang-1859,bundang-1859,오리역,37.3398320,127.1089850,db,comp,1859,오리역
bundang,분당선,수인분당선,분당선,0,25,bundang-1862,bundang-1862,죽전역,37.3245750,127.1073850,db,comp,1862,죽전역
bundang,분당선,수인분당선,분당선,0,26,bundang-1861,bundang-1861,보정역,37.3127400,127.1082190,db,comp,1861,보정역
bundang,분당선,수인분당선,분당선,0,27,bundang-1863,bundang-1863,구성역,37.2990130,127.1056640,db,comp,1863,구성역
bundang,분당선,수인분당선,분당선,0,28,bundang-1864,bundang-1864,신갈역,37.2861270,127.1113110,db,comp,1864,신갈역
bundang,분당선,수인분당선,분당선,0,29,bundang-1865,bundang-1865,기흥역,37.2756570,127.1159440,db,comp,1865,기흥역
bundang,분당선,수인분당선,분당선,0,30,bundang-1866,bundang-1866,상갈역,37.2617970,127.1087180,db,comp,1866,상갈역
bundang,분당선,수인분당선,분당선,0,31,bundang-1867,bundang-1867,청명역,37.2594850,127.0789450,db,comp,1867,청명역
bundang,분당선,수인분당선,분당선,0,32,bundang-1868,bundang-1868,영통역,37.2515210,127.0713410,db,comp,1868,영통역
bundang,분당선,수인분당선,분당선,0,33,bundang-1869,bundang-1869,망포역,37.2457930,127.0573670,db,comp,1869,망포역
bundang,분당선,수인분당선,분당선,0,34,bundang-1870,bundang-1870,매탄권선역,37.2524580,127.0408240,db,comp,1870,매탄권선역
bundang,분당선,수인분당선,분당선,0,35,bundang-1871,bundang-1871,수원시청역,37.2619410,127.0307360,db,comp,1871,수원시청역
bundang,분당선,수인분당선,분당선,0,36,bundang-1872,bundang-1872,매교역,37.2655020,127.0156570,db,comp,1872,매교역
bundang,분당선,수인분당선,분당선,0,37,bundang-1846,bundang-1846,수원역(분당),37.2661620,127.0000820,db,comp,1846,수원역
gyeongchun,경춘선,경춘선,경춘선,0,1,gyeongwon-1014,gyeongui-1014,청량리역,37.5805430,127.0480770,db,added,,
gyeongchun,경춘선,경춘선,경춘선,0,2,gyeongwon-1015,gyeongui-1015,회기역,37.5896020,127.0579360,db,added,,
gyeongchun,경춘선,경춘선,경춘선,0,3,gyeongchun-1201,gyeongchun-1201,중랑역,37.5949480,127.0761520,db,added,,
gyeongchun,경춘선,경춘선,경춘선,0,4,gyeongchun-1202,gyeongchun-1202,상봉역,37.5952540,127.0858530,db,added,,
gyeongchun,경춘선,경춘선,경춘선,0,5,gyeongchun-1203,gyeongchun-1203,망우역,37.5999880,127.0920310,db,added,,
gyeongchun,경춘선,경춘선,경춘선,0,6,gyeongchun-1311,gyeongchun-1311,신내역,37.6128550,127.1032770,db,comp,1311,신내역
gyeongchun,경춘선,경춘선,경춘선,0,7,gyeongchun-1312,gyeongchun-1312,갈매역,37.6341350,127.1148030,db,comp,1312,갈매역
gyeongchun,경춘선,경춘선,경춘선,0,8,gyeongchun-1313,gyeongchun-1313,별내역,37.6422210,127.1272080,db,comp,1313,별내역
gyeongchun,경춘선,경춘선,경춘선,0,9,gyeongchun-1314,gyeongchun-1314,퇴계원역,37.6483160,127.1438580,db,comp,1314,퇴계원역
gyeongchun,경춘선,경춘선,경춘선,0,10,gyeongchun-1315,gyeongchun-1315,사릉역,37.6511450,127.1768390,db,comp,1315,사릉역
gyeongchun,경춘선,경춘선,경춘선,0,11,gyeongchun-1316,gyeongchun-1316,금곡역,37.6374140,127.2079310,db,comp,1316,금곡역
gyeongchun,경춘선,경춘선,경춘선,0,12,gyeongchun-1317,gyeongchun-1317,평내호평역,37.6532290,127.2444520,db,comp,1317,평내호평역
gyeongchun,경춘선,경춘선,경춘선,0,13,gyeongchun-1318,gyeongchun-1318,천마산역,37.6589950,127.2857310,db,comp,1318,천마산역
gyeongchun,경춘선,경춘선,경춘선,0,14,gyeongchun-1319,gyeongchun-1319,마석역,37.6523280,127.3117130,db,comp,1319,마석역
gyeongchun,경춘선,경춘선,경춘선,0,15,gyeongchun-1320,gyeongchun-1320,대성리역,37.6839090,127.3791650,db,comp,1320,대성리역
gyeongchun,경춘선,경춘선,경춘선,0,16,gyeongchun-1321,gyeongchun-1321,청평역,37.7354840,127.4265410,db,comp,1321,청평역
gyeongchun,경춘선,경춘선,경춘선,0,17,gyeongchun-1322,gyeongchun-1322,상천역,37.7703050,127.4542000,db,comp,1322,상천역
gyeongchun,경춘선,경춘선,경춘선,0,18,gyeongchun-1323,gyeongchun-1323,가평역,37.8145150,127.5106930,db,comp,1323,가평역
ilsan,일산선,3호선,일산선,0,1,ilsan-1949,ilsan-1949,지축역,37.6481140,126.9137460,db,comp,1949,지축역
ilsan,일산선,3호선,일산선,0,2,ilsan-1950,ilsan-1950,삼송역,37.6530960,126.8955590,db,comp,1950,삼송역
ilsan,일산선,3호선,일산선,0,3,ilsan-1948,ilsan-1948,원흥역,37.6507090,126.8732390,db,comp,1948,원흥역
ilsan,일산선,3호선,일산선,0,4,ilsan-1951,ilsan-1951,원당역,37.6531030,126.8428910,db,comp,1951,원당역
ilsan,일산선,3호선,일산선,0,5,ilsan-1952,ilsan-1952,화정역,37.6347080,126.8325030,db,comp,1952,화정역
ilsan,일산선,3호선,일산선,0,6,ilsan-1953,gtxa-N03,대곡역,37.6316290,126.8110250,db,comp,1953,대곡역
ilsan,일산선,3호선,일산선,0,7,ilsan-1954,ilsan-1954,백석역,37.6429730,126.7881090,db,comp,1954,백석역
ilsan,일산선,3호선,일산선,0,8,ilsan-1955,ilsan-1955,마두역,37.6521850,126.7776410,db,comp,1955,마두역
ilsan,일산선,3호선,일산선,0,9,ilsan-1956,ilsan-1956,정발산역,37.6597090,126.7732540,db,comp,1956,정발산역
ilsan,일산선,3호선,일산선,0,10,ilsan-1957,ilsan-1957,주엽역,37.6701380,126.7612320,db,comp,1957,주엽역
ilsan,일산선,3호선,일산선,0,11,ilsan-1958,ilsan-1958,대화역,37.6758830,126.7477560,db,comp,1958,대화역
ansangwacheon,안산·과천선,4호선,안산과천선,0,1,seoul4-0434,seoul4-0434,남태령,37.4643390,126.9890810,db,added,,
ansangwacheon,안산·과천선,4호선,안산과천선,0,2,ansangwacheon-1450,ansangwacheon-1450,선바위역,37.4518540,127.0021640,db,comp,1450,선바위역
ansangwacheon,안산·과천선,4호선,안산과천선,0,3,ansangwacheon-1451,ansangwacheon-1451,경마공원역,37.4439870,127.0078990,db,comp,1451,경마공원역
ansangwacheon,안산·과천선,4호선,안산과천선,0,4,ansangwacheon-1452,ansangwacheon-1452,대공원역,37.4357240,127.0064740,db,comp,1452,대공원역
ansangwacheon,안산·과천선,4호선,안산과천선,0,5,ansangwacheon-1453,ansangwacheon-1453,과천역,37.4328050,126.9964040,db,comp,1453,과천역
ansangwacheon,안산·과천선,4호선,안산과천선,0,6,ansangwacheon-1454,ansangwacheon-1454,정부과천청사역,37.4264450,126.9898020,db,comp,1454,정부과천청사역
ansangwacheon,안산·과천선,4호선,안산과천선,0,7,ansangwacheon-1455,ansangwacheon-1455,인덕원역,37.4019010,126.9767180,db,comp,1455,인덕원역
ansangwacheon,안산·과천선,4호선,안산과천선,0,8,ansangwacheon-1456,ansangwacheon-1456,평촌역,37.3943460,126.9638810,db,comp,1456,평촌역
ansangwacheon,안산·과천선,4호선,안산과천선,0,9,ansangwacheon-1457,ansangwacheon-1457,범계역,37.3897830,126.9507520,db,comp,1457,범계역
ansangwacheon,안산·과천선,4호선,안산과천선,0,10,ansangwacheon-1708,ansangwacheon-1708,금정역,37.3719570,126.9436110,db,added,,
ansangwacheon,안산·과천선,4호선,안산과천선,0,11,ansangwacheon-1751,ansangwacheon-1751,산본역,37.3580190,126.9329690,db,comp,1751,산본역
ansangwacheon,안산·과천선,4호선,안산과천선,0,12,ansangwacheon-1763,ansangwacheon-1763,수리산역,37.3502970,126.9255370,db,comp,1763,수리산역
ansangwacheon,안산·과천선,4호선,안산과천선,0,13,ansangwacheon-1752,ansangwacheon-1752,대야미역,37.3283040,126.9171610,db,comp,1752,대야미역
ansangwacheon,안산·과천선,4호선,안산과천선,0,14,ansangwacheon-1753,ansangwacheon-1753,반월역,37.3122440,126.9036840,db,comp,1753,반월역
ansangwacheon,안산·과천선,4호선,안산과천선,0,15,ansangwacheon-1754,ansangwacheon-1754,상록수역,37.3028450,126.8665330,db,comp,1754,상록수역
ansangwacheon,안산·과천선,4호선,안산과천선,0,16,ansangwacheon-1755,ansangwacheon-1755,한대앞역,37.3096850,126.8536560,db,comp,1755,한대앞역
ansangwacheon,안산·과천선,4호선,안산과천선,0,17,ansangwacheon-1756,ansangwacheon-1756,중앙역,37.3160550,126.8385320,db,comp,1756,중앙역
ansangwacheon,안산·과천선,4호선,안산과천선,0,18,ansangwacheon-1757,ansangwacheon-1757,고잔역,37.3168210,126.8230940,db,comp,1757,고잔역
ansangwacheon,안산·과천선,4호선,안산과천선,0,19,ansangwacheon-1758,ansangwacheon-1758,초지역,37.3205830,126.8061510,db,comp,1758,초지역
ansangwacheon,안산·과천선,4호선,안산과천선,0,20,ansangwacheon-1759,ansangwacheon-1759,안산역,37.3270060,126.7887480,db,comp,1759,안산역
ansangwacheon,안산·과천선,4호선,안산과천선,0,21,ansangwacheon-1760,ansangwacheon-1760,능길역,37.3374880,126.7673060,db,renamed,1760,신길온천역
ansangwacheon,안산·과천선,4호선,안산과천선,0,22,ansangwacheon-1761,ansangwacheon-1761,정왕역,37.3518160,126.7428440,db,comp,1761,정왕역
ansangwacheon,안산·과천선,4호선,안산과천선,0,23,ansangwacheon-1762,ansangwacheon-1762,오이도역,37.3617730,126.7384370,db,comp,1762,오이도역
gyeongui,경의·중앙선,경의중앙선,경의중앙선,0,1,gyeongui-1285,gyeongui-1285,임진강역,37.8883640,126.7467770,db,comp,1285,임진강역
gyeongui,경의·중앙선,경의중앙선,경의중앙선,0,2,gyeongui-1286,gyeongui-1286,운천역,37.8800080,126.7697130,db,comp,1286,운천역
gyeongui,경의·중앙선,경의중앙선,경의중앙선,0,3,gyeongui-1284,gyeongui-1284,문산역,37.8545650,126.7875310,db,comp,1284,문산역
gyeongui,경의·중앙선,경의중앙선,경의중앙선,0,4,gyeongui-1283,gyeongui-1283,파주역,37.8153910,126.7924260,db,comp,1283,파주역
gyeongui,경의·중앙선,경의중앙선,경의중앙선,0,5,gyeongui-1282,gyeongui-1282,월롱역,37.7962010,126.7925740,db,comp,1282,월롱역
gyeongui,경의·중앙선,경의중앙선,경의중앙선,0,6,gyeongui-1280,gyeongui-1280,금촌역,37.7661060,126.7745150,db,comp,1280,금촌역
gyeongui,경의·중앙선,경의중앙선,경의중앙선,0,7,gyeongui-1279,gyeongui-1279,금릉역,37.7512950,126.7654010,db,comp,1279,금릉역
gyeongui,경의·중앙선,경의중앙선,경의중앙선,0,8,gyeongui-1278,gyeongui-1278,운정역,37.7254410,126.7670760,db,comp,1278,운정역
gyeongui,경의·중앙선,경의중앙선,경의중앙선,0,9,gyeongui-1277,gyeongui-1277,야당역,37.7127490,126.7615350,db,comp,1277,야당역
gyeongui,경의·중앙선,경의중앙선,경의중앙선,0,10,gyeongui-1276,gyeongui-1276,탄현역,37.6941140,126.7610750,db,comp,1276,탄현역
gyeongui,경의·중앙선,경의중앙선,경의중앙선,0,11,gyeongui-1275,gyeongui-1275,일산역,37.6822310,126.7695210,db,comp,1275,일산역
gyeongui,경의·중앙선,경의중앙선,경의중앙선,0,12,gyeongui-1274,gyeongui-1274,풍산역,37.6721730,126.7863550,db,comp,1274,풍산역
gyeongui,경의·중앙선,경의중앙선,경의중앙선,0,13,gyeongui-1273,gyeongui-1273,백마역,37.6583460,126.7944010,db,comp,1273,백마역
gyeongui,경의·중앙선,경의중앙선,경의중앙선,0,14,gyeongui-1272,gyeongui-1272,곡산역,37.6457290,126.8018770,db,comp,1272,곡산역
gyeongui,경의·중앙선,경의중앙선,경의중앙선,0,15,gyeongui-1953,gtxa-N03,대곡역,37.6316290,126.8102250,db,added,,
gyeongui,경의·중앙선,경의중앙선,경의중앙선,0,16,gyeongui-1271,gyeongui-1271,능곡역,37.6187410,126.8208900,db,comp,1271,능곡역
gyeongui,경의·중앙선,경의중앙선,경의중앙선,0,17,gyeongui-1270,gyeongui-1270,행신역,37.6121250,126.8340630,db,comp,1270,행신역
gyeongui,경의·중앙선,경의중앙선,경의중앙선,0,18,gyeongui-1269,gyeongui-1269,강매역,37.6123960,126.8445370,db,comp,1269,강매역
gyeongui,경의·중앙선,경의중앙선,경의중앙선,0,19,gyeongui-1268,gyeongui-1268,한국항공대,37.6031020,126.8682910,db,comp,1268,한국항공대
gyeongui,경의·중앙선,경의중앙선,경의중앙선,0,20,gyeongui-1267,gyeongui-1267,수색역,37.5808550,126.8956810,db,comp,1267,수색역
gyeongui,경의·중앙선,경의중앙선,경의중앙선,0,21,gyeongui-1266,arex-A04,디지털미디어시티역,37.5779640,126.9004210,db,renamed,1266,디엠시역
gyeongui,경의·중앙선,경의중앙선,경의중앙선,0,22,gyeongui-1265,gyeongui-1265,가좌역,37.5686110,126.9148410,db,moved,1265,가좌역
gyeongui,경의·중앙선,경의중앙선,경의중앙선,0,23,gyeongui-1264,arex-A03,홍대입구역,37.5575800,126.9268330,db,comp,1264,홍대입구(경의선)역
gyeongui,경의·중앙선,경의중앙선,경의중앙선,0,24,gyeongui-1263,gyeongui-1263,서강대역,37.5521320,126.9353890,db,comp,1263,서강대역
gyeongui,경의·중앙선,경의중앙선,경의중앙선,0,25,gyeongui-1262,arex-A02,공덕역,37.5427110,126.9521340,db,comp,1262,공덕(경의선)역
gyeongui,경의·중앙선,경의중앙선,경의중앙선,0,26,gyeongui-1261,gyeongui-1261,효창공원앞역,37.5387890,126.9623390,db,comp,1261,효창공원앞역
gyeongui,경의·중앙선,경의중앙선,경의중앙선,0,27,gyeongwon-1003,gyeongbu-1003,용산역,37.5298900,126.9647750,db,added,,
gyeongui,경의·중앙선,경의중앙선,경의중앙선,0,28,gyeongwon-1008,gyeongwon-1008,이촌역,37.5224760,126.9738160,db,added,,
gyeongui,경의·중앙선,경의중앙선,경의중앙선,0,29,gyeongwon-1009,gyeongwon-1009,서빙고역,37.5196100,126.9883580,db,added,,
gyeongui,경의·중앙선,경의중앙선,경의중앙선,0,30,gyeongwon-1010,gyeongwon-1010,한남역,37.5293610,127.0089840,db,added,,
gyeongui,경의·중앙선,경의중앙선,경의중앙선,0,31,gyeongwon-1011,gyeongwon-1011,옥수역,37.5405140,127.0186980,db,added,,
gyeongui,경의·중앙선,경의중앙선,경의중앙선,0,32,gyeongwon-1012,gyeongwon-1012,응봉역,37.5504330,127.0348240,db,added,,
gyeongui,경의·중앙선,경의중앙선,경의중앙선,0,33,gyeongwon-1013,bundang-1013,왕십리역,37.5617280,127.0384050,db,added,,
gyeongui,경의·중앙선,경의중앙선,경의중앙선,0,34,gyeongui-1014,gyeongui-1014,청량리역,37.5800430,127.0475880,db,added,,
gyeongui,경의·중앙선,경의중앙선,경의중앙선,0,35,gyeongui-1015,gyeongui-1015,회기역,37.5898020,127.0579360,db,added,,
gyeongui,경의·중앙선,경의중앙선,경의중앙선,0,36,gyeongui-1201,gyeongchun-1201,중랑역,37.5949480,127.0761520,db,comp,1201,중랑역
gyeongui,경의·중앙선,경의중앙선,경의중앙선,0,37,gyeongui-1202,gyeongchun-1202,상봉역,37.5967540,127.0855530,db,comp,1202,상봉역
gyeongui,경의·중앙선,경의중앙선,경의중앙선,0,38,gyeongui-1203,gyeongchun-1203,망우역,37.5992880,127.0923180,db,comp,1203,망우역
gyeongui,경의·중앙선,경의중앙선,경의중앙선,0,39,gyeongui-1204,gyeongui-1204,양원역,37.6066220,127.1079180,db,comp,1204,양원역
gyeongui,경의·중앙선,경의중앙선,경의중앙선,0,40,gyeongui-1205,gyeongui-1205,구리역,37.6032600,127.1433730,db,comp,1205,구리역
gyeongui,경의·중앙선,경의중앙선,경의중앙선,0,41,gyeongui-1206,gyeongui-1206,도농역,37.6087560,127.1611050,db,comp,1206,도농역
gyeongui,경의·중앙선,경의중앙선,경의중앙선,0,42,gyeongui-1207,gyeongui-1207,양정역,37.6042690,127.1946020,db,comp,1207,양정역
gyeongui,경의·중앙선,경의중앙선,경의중앙선,0,43,gyeongui-1208,gyeongui-1208,덕소역,37.5868920,127.2088350,db,comp,1208,덕소역
gyeongui,경의·중앙선,경의중앙선,경의중앙선,0,44,gyeongui-1209,gyeongui-1209,도심역,37.5796280,127.2227980,db,comp,1209,도심역
gyeongui,경의·중앙선,경의중앙선,경의중앙선,0,45,gyeongui-1210,gyeongui-1210,팔당역,37.5473210,127.2438960,db,comp,1210,팔당역
gyeongui,경의·중앙선,경의중앙선,경의중앙선,0,46,gyeongui-1211,gyeongui-1211,운길산역,37.5546590,127.3100890,db,comp,1211,운길산역
gyeongui,경의·중앙선,경의중앙선,경의중앙선,0,47,gyeongui-1212,gyeongui-1212,양수역,37.5459980,127.3289480,db,comp,1212,양수역
gyeongui,경의·중앙선,경의중앙선,경의중앙선,0,48,gyeongui-1213,gyeongui-1213,신원역,37.5259210,127.3727450,db,comp,1213,신원역
gyeongui,경의·중앙선,경의중앙선,경의중앙선,0,49,gyeongui-1214,gyeongui-1214,국수역,37.5161710,127.3994020,db,comp,1214,국수역
gyeongui,경의·중앙선,경의중앙선,경의중앙선,0,50,gyeongui-1215,gyeongui-1215,아신역,37.5139540,127.4432380,db,comp,1215,아신역
gyeongui,경의·중앙선,경의중앙선,경의중앙선,0,51,gyeongui-1216,gyeongui-1216,오빈역,37.5060610,127.4740530,db,comp,1216,오빈역
gyeongui,경의·중앙선,경의중앙선,경의중앙선,0,52,gyeongui-1217,gyeongui-1217,양평역,37.4926740,127.4918580,db,comp,1217,양평역
gyeongui,경의·중앙선,경의중앙선,경의중앙선,0,53,gyeongui-1218,gyeongui-1218,원덕역,37.4685850,127.5474680,db,comp,1218,원덕역
gyeongui,경의·중앙선,경의중앙선,경의중앙선,0,54,gyeongui-1219,gyeongui-1219,용문역,37.4820850,127.5942510,db,comp,1219,용문역
gyeongui,경의·중앙선,경의중앙선,경의중앙선,0,55,gyeongui-1220,gyeongui-1220,지평역,37.4764960,127.6296810,db,comp,1220,지평역
gyeongwon,경원선,1호선,경원선,0,1,gyeongwon-1014,gyeongui-1014,청량리역,37.5805430,127.0480770,db,comp,1014,청량리역
gyeongwon,경원선,1호선,경원선,0,2,gyeongwon-1015,gyeongui-1015,회기역,37.5896020,127.0579360,db,comp,1015,회기역
gyeongwon,경원선,1호선,경원선,0,3,gyeongwon-1016,gyeongwon-1016,외대앞역,37.5961570,127.0635720,db,comp,1016,외대앞역
gyeongwon,경원선,1호선,경원선,0,4,gyeongwon-1017,gyeongwon-1017,신이문역,37.6018290,127.0673470,db,comp,1017,신이문역
gyeongwon,경원선,1호선,경원선,0,5,gyeongwon-1018,gyeongwon-1018,석계역,37.6152060,127.0655940,db,comp,1018,석계역
gyeongwon,경원선,1호선,경원선,0,6,gyeongwon-1019,gyeongchun-1019,광운대역,37.6235700,127.0618100,db,comp,1019,광운대역
gyeongwon,경원선,1호선,경원선,0,7,gyeongwon-1020,gyeongwon-1020,월계역,37.6331140,127.0588350,db,comp,1020,월계역
gyeongwon,경원선,1호선,경원선,0,8,gyeongwon-1021,gyeongwon-1021,녹천역,37.6445990,127.0514060,db,comp,1021,녹천역
gyeongwon,경원선,1호선,경원선,0,9,gyeongwon-1022,gyeongwon-1022,창동역,37.6531810,127.0476630,db,comp,1022,창동역
gyeongwon,경원선,1호선,경원선,0,10,gyeongwon-1901,gyeongwon-1901,방학역,37.6674710,127.0442950,db,comp,1901,방학역
gyeongwon,경원선,1호선,경원선,0,11,gyeongwon-1902,gyeongwon-1902,도봉역,37.6794410,127.0455210,db,comp,1902,도봉역
gyeongwon,경원선,1호선,경원선,0,12,gyeongwon-1903,gyeongwon-1903,도봉산역,37.6896030,127.0460470,db,comp,1903,도봉산역
gyeongwon,경원선,1호선,경원선,0,13,gyeongwon-1904,gyeongwon-1904,망월사역,37.7104990,127.0473610,db,comp,1904,망월사역
gyeongwon,경원선,1호선,경원선,0,14,gyeongwon-1905,gyeongwon-1905,회룡역,37.7240370,127.0473190,db,comp,1905,회룡역
gyeongwon,경원선,1호선,경원선,0,15,gyeongwon-1906,gyeongwon-1906,의정부역,37.7387300,127.0458910,db,comp,1906,의정부역
gyeongwon,경원선,1호선,경원선,0,16,gyeongwon-1907,gyeongwon-1907,가능역,37.7483620,127.0442510,db,comp,1907,가능역
gyeongwon,경원선,1호선,경원선,0,17,gyeongwon-1908,gyeongwon-1908,녹양역,37.7594160,127.0422720,db,comp,1908,녹양역
gyeongwon,경원선,1호선,경원선,0,18,gyeongwon-1909,gyeongwon-1909,양주역,37.7742810,127.0447190,db,comp,1909,양주역
gyeongwon,경원선,1호선,경원선,0,19,gyeongwon-1910,gyeongwon-1910,덕계역,37.8187610,127.0566760,db,comp,1910,덕계역
gyeongwon,경원선,1호선,경원선,0,20,gyeongwon-1911,gyeongwon-1911,덕정역,37.8432160,127.0615110,db,comp,1911,덕정역
gyeongwon,경원선,1호선,경원선,0,21,gyeongwon-1912,gyeongwon-1912,지행역,37.8923610,127.0557340,db,comp,1912,지행역
gyeongwon,경원선,1호선,경원선,0,22,gyeongwon-1913,gyeongwon-1913,동두천중앙역,37.9018180,127.0565280,db,comp,1913,동두천중앙역
gyeongwon,경원선,1호선,경원선,0,23,gyeongwon-1914,gyeongwon-1914,보산역,37.9142680,127.0571340,db,comp,1914,보산역
gyeongwon,경원선,1호선,경원선,0,24,gyeongwon-1915,gyeongwon-1915,동두천역,37.9275690,127.0548250,db,comp,1915,동두천역
gyeongwon,경원선,1호선,경원선,0,25,gyeongwon-1916,gyeongwon-1916,소요산역,37.9486080,127.0610070,db,comp,1916,소요산역
gyeongwon,경원선,1호선,경원선,0,26,gyeongwon-1917,gyeongwon-1917,청산역,37.9951380,127.0740970,db,comp,1917,청산역
gyeongwon,경원선,1호선,경원선,0,27,gyeongwon-1918,gyeongwon-1918,전곡역,38.0240410,127.0719130,db,comp,1918,전곡역
gyeongwon,경원선,1호선,경원선,0,28,gyeongwon-1919,gyeongwon-1919,연천역,38.1004850,127.0736800,db,comp,1919,연천역
gyeongin,경인선,1호선,경인선,0,1,gyeongbu-1701,gyeongbu-1701,구로역,37.5031780,126.8820370,db,added,,
gyeongin,경인선,1호선,경인선,0,2,gyeongin-1813,gyeongin-1813,구일역,37.4959730,126.8692010,db,comp,1813,구일역
gyeongin,경인선,1호선,경인선,0,3,gyeongin-1801,gyeongin-1801,개봉역,37.4946980,126.8585040,db,comp,1801,개봉역
gyeongin,경인선,1호선,경인선,0,4,gyeongin-1802,gyeongin-1802,오류동역,37.4944000,126.8445510,db,comp,1802,오류동역
gyeongin,경인선,1호선,경인선,0,5,gyeongin-1821,gyeongin-1821,온수역,37.4922670,126.8233990,db,comp,1821,온수역
gyeongin,경인선,1호선,경인선,0,6,gyeongin-1803,gyeongin-1803,역곡역,37.4851400,126.8116220,db,comp,1803,역곡역
gyeongin,경인선,1호선,경인선,0,7,gyeongin-4804,gyeongin-4804,소사역,37.4827550,126.7956540,db,comp,1814,소사역
gyeongin,경인선,1호선,경인선,0,8,gyeongin-1804,gyeongin-1804,부천역,37.4840660,126.7827790,db,comp,1804,부천역
gyeongin,경인선,1호선,경인선,0,9,gyeongin-1822,gyeongin-1822,중동역,37.4866640,126.7644740,db,comp,1822,중동역
gyeongin,경인선,1호선,경인선,0,10,gyeongin-1805,gyeongin-1805,송내역,37.4876260,126.7530450,db,comp,1805,송내역
gyeongbu,경부선,1호선,경부선,0,1,seoul1-0133,gyeongui-1251,서울역,37.5558500,126.9721030,db,comp,1001,서울역
gyeongbu,경부선,1호선,경부선,0,2,gyeongbu-1002,gyeongbu-1002,남영역,37.5405970,126.9711710,db,comp,1002,남영역
gyeongbu,경부선,1호선,경부선,0,3,gyeongbu-1003,gyeongbu-1003,용산역,37.5298900,126.9647750,db,comp,1003,용산역
gyeongbu,경부선,1호선,경부선,0,4,gyeongbu-1004,gyeongbu-1004,노량진역,37.5140720,126.9416710,db,comp,1004,노량진역
gyeongbu,경부선,1호선,경부선,0,5,gyeongbu-1005,gyeongbu-1005,대방역,37.5133920,126.9264070,db,comp,1005,대방역
gyeongbu,경부선,1호선,경부선,0,6,gyeongbu-1032,gyeongbu-1032,신길역,37.5170180,126.9177430,db,comp,1032,신길역
gyeongbu,경부선,1호선,경부선,0,7,gyeongbu-1006,gyeongbu-1006,영등포역,37.5157560,126.9074110,db,comp,1006,영등포역
gyeongbu,경부선,1호선,경부선,0,8,gyeongbu-1007,gyeongbu-1007,신도림역,37.5089830,126.8915130,db,comp,1007,신도림역
gyeongbu,경부선,1호선,경부선,0,9,gyeongbu-1701,gyeongbu-1701,구로역,37.5031780,126.8820370,db,comp,1701,구로역
gyeongbu,경부선,1호선,경부선,0,10,gyeongbu-1702,gyeongbu-1702,가산디지털단지역,37.4815680,126.8826280,db,comp,1702,가산디지털단지역
gyeongbu,경부선,1호선,경부선,0,11,gyeongbu-1714,gyeongbu-1714,독산역,37.4659940,126.8895080,db,comp,1714,독산역
gyeongbu,경부선,1호선,경부선,0,12,gyeongbu-1703,gyeongbu-1703,금천구청역,37.4557600,126.8943440,db,comp,1703,금천구청역
gyeongbu,경부선,1호선,경부선,0,13,gyeongbu-1704,gyeongbu-1704,석수역,37.4351610,126.9022330,db,comp,1704,석수역
gyeongbu,경부선,1호선,경부선,0,14,gyeongbu-1705,gyeongbu-1705,관악역,37.4195780,126.9084760,db,comp,1705,관악역
gyeongbu,경부선,1호선,경부선,0,15,gyeongbu-1706,gyeongbu-1706,안양역,37.4019290,126.9226470,db,comp,1706,안양역
gyeongbu,경부선,1호선,경부선,0,16,gyeongbu-1707,gyeongbu-1707,명학역,37.3844350,126.9355790,db,comp,1707,명학역
gyeongbu,경부선,1호선,경부선,0,17,gyeongbu-1708,ansangwacheon-1708,금정역,37.3719570,126.9434110,db,comp,1708,금정역
gyeongbu,경부선,1호선,경부선,0,18,gyeongbu-1709,gyeongbu-1709,군포역,37.3537320,126.9485170,db,comp,1709,군포역
gyeongbu,경부선,1호선,경부선,0,19,gyeongbu-1729,gyeongbu-1729,당정역,37.3433800,126.9483880,db,comp,1729,당정역
gyeongbu,경부선,1호선,경부선,0,20,gyeongbu-1710,gyeongbu-1710,의왕역,37.3206480,126.9480990,db,comp,1710,의왕역
gyeongbu,경부선,1호선,경부선,0,21,gyeongbu-1711,gyeongbu-1711,성균관대역,37.3003440,126.9708610,db,comp,1711,성균관대역
gyeongbu,경부선,1호선,경부선,0,22,gyeongbu-1712,gyeongbu-1712,화서역,37.2839900,126.9895810,db,comp,1712,화서역
gyeongbu,경부선,1호선,경부선,0,23,gyeongbu-1713,bundang-1846,수원역,37.2661620,126.9998210,db,comp,1713,수원역
gyeongbu,경부선,1호선,경부선,0,24,gyeongbu-1715,gyeongbu-1715,세류역,37.2441020,127.0137720,db,comp,1715,세류역
gyeongbu,경부선,1호선,경부선,0,25,gyeongbu-1716,gyeongbu-1716,병점역,37.2068210,127.0332680,db,comp,1716,병점역
gyeongbu,경부선,1호선,경부선,0,26,gyeongbu-1717,gyeongbu-1717,세마역,37.1872880,127.0432790,db,comp,1717,세마역
gyeongbu,경부선,1호선,경부선,0,27,gyeongbu-1718,gyeongbu-1718,오산대역,37.1694010,127.0630810,db,comp,1718,오산대역
gyeongbu,경부선,1호선,경부선,0,28,gyeongbu-1719,gyeongbu-1719,오산역,37.1454720,127.0667080,db,comp,1719,오산역
gyeongbu,경부선,1호선,경부선,0,29,gyeongbu-1720,gyeongbu-1720,진위역,37.1097710,127.0623420,db,comp,1720,진위역
gyeongbu,경부선,1호선,경부선,0,30,gyeongbu-1721,gyeongbu-1721,송탄역,37.0753760,127.0543970,db,comp,1721,송탄역
gyeongbu,경부선,1호선,경부선,0,31,gyeongbu-1722,gyeongbu-1722,서정리역,37.0564590,127.0528440,db,comp,1722,서정리역
gyeongbu,경부선,1호선,경부선,0,32,gyeongbu-1723,gyeongbu-1723,평택지제역,37.0188220,127.0702690,db,comp,1723,평택지제역
gyeongbu,경부선,1호선,경부선,0,33,gyeongbu-1724,gyeongbu-1724,평택역,36.9905590,127.0854960,db,comp,1724,평택역
seohae,서해선,서해선,서해선,0,1,seohae-1275,gyeongui-1275,일산역,37.6822310,126.7695210,db,added,,
seohae,서해선,서해선,서해선,0,2,seohae-1274,gyeongui-1274,풍산역,37.6721730,126.7863550,db,added,,
seohae,서해선,서해선,서해선,0,3,seohae-1273,gyeongui-1273,백마역,37.6583460,126.7944010,db,added,,
seohae,서해선,서해선,서해선,0,4,seohae-1272,gyeongui-1272,곡산역,37.6457290,126.8018770,db,added,,
seohae,서해선,서해선,서해선,0,5,seohae-1953,gtxa-N03,대곡역,37.6316290,126.8098020,db,added,,
seohae,서해선,서해선,서해선,0,6,seohae-1271,gyeongui-1271,능곡역,37.6187410,126.8206000,db,added,,
seohae,서해선,서해선,서해선,0,7,seohae-1980,arex-A05,김포공항역,37.5621179,126.8040560,db,comp,1980,김포공항역
seohae,서해선,서해선,서해선,0,8,seohae-1981,seohae-1981,원종역,37.5240628,126.8048386,db,comp,1981,원종역
seohae,서해선,서해선,서해선,0,9,seohae-1982,incheon7-3754,부천종합운동장역,37.5058520,126.7974980,db,comp,1982,부천종합운동장역
seohae,서해선,서해선,서해선,0,10,seohae-4804,gyeongin-4804,소사역,37.4827550,126.7950654,db,comp,4804,소사(소시)역
seohae,서해선,서해선,서해선,0,11,seohae-4805,seohae-4805,소새울역,37.4685046,126.7972280,db,comp,4805,소새울역
seohae,서해선,서해선,서해선,0,12,seohae-4806,seohae-4806,시흥대야역,37.4504787,126.7931420,db,comp,4806,시흥대야역
seohae,서해선,서해선,서해선,0,13,seohae-4807,seohae-4807,신천역,37.4391147,126.7868350,db,comp,4807,신천역
seohae,서해선,서해선,서해선,0,14,seohae-4808,seohae-4808,신현역,37.4091399,126.7878800,db,comp,4808,신현역
seohae,서해선,서해선,서해선,0,15,seohae-4809,seohae-4809,시흥시청역,37.3814109,126.8059460,db,comp,4809,시흥시청역
seohae,서해선,서해선,서해선,0,16,seohae-4810,seohae-4810,시흥능곡역,37.3699903,126.8085940,db,comp,4810,시흥능곡역
seohae,서해선,서해선,서해선,0,17,seohae-4811,seohae-4811,달미역,37.3490003,126.8093180,db,comp,4811,달미역
seohae,서해선,서해선,서해선,0,18,seohae-4812,seohae-4812,선부역,37.3345900,126.8100000,db,comp,4812,선부역
seohae,서해선,서해선,서해선,0,19,seohae-4813,ansangwacheon-1758,초지역,37.3200830,126.8080510,db,comp,4813,초지(소시)역
seohae,서해선,서해선,서해선,0,20,seohae-4814,seohae-4814,시우역,37.3130967,126.7955030,db,comp,4814,시우역
seohae,서해선,서해선,서해선,0,21,seohae-4815,seohae-4815,원시역,37.3026540,126.7867897,db,comp,4815,원시역
gtxa:북부,GTX-A 북부 (ref/gtxa_stations.csv),GTX-A,GTX-A,0,1,gtxa-N01,gtxa-N01,운정중앙,37.7161410,126.7281980,db,ref,N01,운정중앙
gtxa:북부,GTX-A 북부 (ref/gtxa_stations.csv),GTX-A,GTX-A,0,2,gtxa-N02,gtxa-N02,킨텍스,37.6652540,126.7482500,db,ref,N02,킨텍스
gtxa:북부,GTX-A 북부 (ref/gtxa_stations.csv),GTX-A,GTX-A,0,3,gtxa-N03,gtxa-N03,대곡,37.6316290,126.8110250,db,ref,N03,대곡
gtxa:북부,GTX-A 북부 (ref/gtxa_stations.csv),GTX-A,GTX-A,0,4,gtxa-N04,gtxa-N04,연신내,37.6189620,126.9211620,db,ref,N04,연신내
gtxa:북부,GTX-A 북부 (ref/gtxa_stations.csv),GTX-A,GTX-A,0,5,gtxa-N05,arex-A01,서울역,37.5522030,126.9709610,db,ref,N05,서울역
gtxa:남부,GTX-A 남부 (ref/gtxa_stations.csv),GTX-A,GTX-A,0,1,gtxa-X108,bundang-1030,수서,37.4876330,127.1011180,db,ref,X108,수서
gtxa:남부,GTX-A 남부 (ref/gtxa_stations.csv),GTX-A,GTX-A,0,2,gtxa-X109,gtxa-X109,성남,37.3947040,127.1194450,db,ref,X109,성남
gtxa:남부,GTX-A 남부 (ref/gtxa_stations.csv),GTX-A,GTX-A,0,3,gtxa-X110,bundang-1863,구성,37.2988790,127.1057730,db,ref,X110,구성
gtxa:남부,GTX-A 남부 (ref/gtxa_stations.csv),GTX-A,GTX-A,0,4,gtxa-X111,gtxa-X111,동탄,37.2000870,127.0963770,db,ref,X111,동탄
seoul5:마천,수도권 도시철도 5호선 · 마천 지선,5호선,5호선,0,1,seoul5-0548,seoul5-0548,강동,37.5358100,127.1324900,db,junction,548,강동
seoul5:마천,수도권 도시철도 5호선 · 마천 지선,5호선,5호선,0,2,seoul5-P549,seoul5-P549,둔촌동,37.5277870,127.1362190,db,comp,P549,둔촌동
seoul5:마천,수도권 도시철도 5호선 · 마천 지선,5호선,5호선,0,3,seoul5-P550,metro9-4136,올림픽공원(한국체대),37.5162170,127.1309570,db,comp,P550,올림픽공원(한국체대)
seoul5:마천,수도권 도시철도 5호선 · 마천 지선,5호선,5호선,0,4,seoul5-P551,seoul5-P551,방이,37.5087520,127.1260540,db,comp,P551,방이
seoul5:마천,수도권 도시철도 5호선 · 마천 지선,5호선,5호선,0,5,seoul5-P552,seoul3-0352,오금,37.5022280,127.1277010,db,comp,P552,오금
seoul5:마천,수도권 도시철도 5호선 · 마천 지선,5호선,5호선,0,6,seoul5-P553,seoul5-P553,개롱,37.4980970,127.1348170,db,comp,P553,개롱
seoul5:마천,수도권 도시철도 5호선 · 마천 지선,5호선,5호선,0,7,seoul5-P554,seoul5-P554,거여,37.4932080,127.1439830,db,comp,P554,거여
seoul5:마천,수도권 도시철도 5호선 · 마천 지선,5호선,5호선,0,8,seoul5-P555,seoul5-P555,마천,37.4949720,127.1527840,db,comp,P555,마천
gyeongbu:광명,경부선 · 광명 지선,1호선,경부선,0,1,gyeongbu-1703,gyeongbu-1703,금천구청역,37.4557600,126.8943440,db,junction,1703,금천구청역
gyeongbu:광명,경부선 · 광명 지선,1호선,경부선,0,2,gyeongbu-1750,gyeongbu-1750,광명역,37.4159950,126.8845230,db,comp,1750,광명역
gyeongbu:서동탄,경부선 · 서동탄 지선,1호선,경부선,0,1,gyeongbu-1716,gyeongbu-1716,병점역,37.2068210,127.0332680,db,junction,1716,병점역
gyeongbu:서동탄,경부선 · 서동탄 지선,1호선,경부선,0,2,gyeongbu-1749,gyeongbu-1749,서동탄역,37.1956750,127.0518930,db,comp,1749,서동탄역
gyeongui:서울역,경의·중앙선 · 서울역 지선,경의중앙선,경의중앙선,0,1,gyeongui-1265,gyeongui-1265,가좌역,37.5686110,126.9148410,db,junction,1265,가좌역
gyeongui:서울역,경의·중앙선 · 서울역 지선,경의중앙선,경의중앙선,0,2,gyeongui-1252,gyeongui-1252,신촌역,37.5597680,126.9423080,db,comp,1252,신촌역
gyeongui:서울역,경의·중앙선 · 서울역 지선,경의중앙선,경의중앙선,0,3,gyeongui-1251,gyeongui-1251,서울역(경의선),37.5567130,126.9713870,db,comp,1251,서울(경의선)역
gyeongchun:광운대,경춘선 · 광운대 지선,경춘선,경춘선,0,1,gyeongchun-1202,gyeongchun-1202,상봉역,37.5952540,127.0858530,db,junction,,
gyeongchun:광운대,경춘선 · 광운대 지선,경춘선,경춘선,0,2,gyeongchun-1019,gyeongchun-1019,광운대역,37.6236350,127.0619750,db,added,,
