station_id,name,line_group,live_subway_id,live_statn_id,live_name,match,note,data_date
shinbundang-D004,신사,신분당선,1077,1077000684,신사,exact,,2026-09-02
shinbundang-D005,논현,신분당선,1077,1077000685,논현,exact,,2026-09-02
shinbundang-D006,신논현,신분당선,1077,1077000686,신논현,exact,,2026-09-02
shinbundang-D007,강남,신분당선,1077,1077000687,강남,exact,,2026-09-02
shinbundang-D008,양재(서초구청),신분당선,1077,1077000688,양재,exact,,2026-09-02
shinbundang-D009,양재시민의숲(매헌),신분당선,1077,1077000689,양재시민의숲,exact,,2026-09-02
shinbundang-D010,청계산입구,신분당선,1077,1077006810,청계산입구,exact,,2026-09-02
shinbundang-D011,판교,신분당선,1077,1077006811,판교,exact,,2026-09-02
shinbundang-D012,정자,신분당선,1077,1077006812,정자,exact,,2026-09-02
shinbundang-D013,미금,신분당선,1077,1077006813,미금,exact,,2026-09-02
shinbundang-D014,동천,신분당선,1077,1077006814,동천,exact,,2026-09-02
shinbundang-D015,수지구청,신분당선,1077,1077006815,수지구청,exact,,2026-09-02
shinbundang-D016,성복,신분당선,1077,1077006816,성복,exact,,2026-09-02
shinbundang-D017,상현,신분당선,1077,1077006817,상현,exact,,2026-09-02
shinbundang-D018,광교중앙(아주대),신분당선,1077,1077006818,광교중앙,exact,,2026-09-02
shinbundang-D019,광교(경기대),신분당선,1077,1077006819,광교,exact,,2026-09-02
everline-Y110,기흥(백남준아트센터),용인에버라인,,,,no_live_line,노선군 자체가 실시간 역정보에 없다,2026-09-02
everline-Y111,강남대,용인에버라인,,,,no_live_line,노선군 자체가 실시간 역정보에 없다,2026-09-02
everline-Y112,지석,용인에버라인,,,,no_live_line,노선군 자체가 실시간 역정보에 없다,2026-09-02
everline-Y113,어정,용인에버라인,,,,no_live_line,노선군 자체가 실시간 역정보에 없다,2026-09-02
everline-Y114,동백(용인세브란스),용인에버라인,,,,no_live_line,노선군 자체가 실시간 역정보에 없다,2026-09-02
everline-Y115,초당,용인에버라인,,,,no_live_line,노선군 자체가 실시간 역정보에 없다,2026-09-02
everline-Y116,삼가,용인에버라인,,,,no_live_line,노선군 자체가 실시간 역정보에 없다,2026-09-02
everline-Y117,시청·용인대,용인에버라인,,,,no_live_line,노선군 자체가 실시간 역정보에 없다,2026-09-02
everline-Y118,명지대,용인에버라인,,,,no_live_line,노선군 자체가 실시간 역정보에 없다,2026-09-02
everline-Y119,김량장,용인에버라인,,,,no_live_line,노선군 자체가 실시간 역정보에 없다,2026-09-02
everline-Y120,용인중앙시장(용인예술과학대),용인에버라인,,,,no_live_line,노선군 자체가 실시간 역정보에 없다,2026-09-02
everline-Y121,고진,용인에버라인,,,,no_live_line,노선군 자체가 실시간 역정보에 없다,2026-09-02
everline-Y122,보평,용인에버라인,,,,no_live_line,노선군 자체가 실시간 역정보에 없다,2026-09-02
everline-Y123,둔전,용인에버라인,,,,no_live_line,노선군 자체가 실시간 역정보에 없다,2026-09-02
everline-Y124,전대·에버랜드,용인에버라인,,,,no_live_line,노선군 자체가 실시간 역정보에 없다,2026-09-02
arex-A01,서울,공항철도,1065,1065006501,서울,exact,,2026-09-02
arex-A02,공덕,공항철도,1065,1065006502,공덕,exact,,2026-09-02
arex-A03,홍대입구,공항철도,1065,1065006503,홍대입구,exact,,2026-09-02
arex-A04,디지털미디어시티,공항철도,1065,1065006504,디지털미디어시티,exact,,2026-09-02
arex-A042,마곡나루,공항철도,1065,1065065042,마곡나루,exact,,2026-09-02
arex-A05,김포공항,공항철도,1065,1065006505,김포공항,exact,,2026-09-02
seoul8-806,동구릉,8호선,1008,1008000806,동구릉,exact,,2026-09-02
seoul8-807,구리(구리전통시장),8호선,1008,1008000807,구리,exact,,2026-09-02
seoul8-808,장자호수공원,8호선,1008,1008000808,장자호수공원,exact,,2026-09-02
gimpogold-G100,양촌역,김포골드라인,,,,no_live_line,노선군 자체가 실시간 역정보에 없다,2026-09-02
gimpogold-G101,구래역,김포골드라인,,,,no_live_line,노선군 자체가 실시간 역정보에 없다,2026-09-02
gimpogold-G102,마산역,김포골드라인,,,,no_live_line,노선군 자체가 실시간 역정보에 없다,2026-09-02
gimpogold-G103,장기역,김포골드라인,,,,no_live_line,노선군 자체가 실시간 역정보에 없다,2026-09-02
gimpogold-G104,운양역,김포골드라인,,,,no_live_line,노선군 자체가 실시간 역정보에 없다,2026-09-02
gimpogold-G105,걸포북변역,김포골드라인,,,,no_live_line,노선군 자체가 실시간 역정보에 없다,2026-09-02
gimpogold-G106,사우역,김포골드라인,,,,no_live_line,노선군 자체가 실시간 역정보에 없다,2026-09-02
gimpogold-G107,풍무역,김포골드라인,,,,no_live_line,노선군 자체가 실시간 역정보에 없다,2026-09-02
gimpogold-G108,고촌역,김포골드라인,,,,no_live_line,노선군 자체가 실시간 역정보에 없다,2026-09-02
gimpogold-G109,김포공항역,김포골드라인,,,,no_live_line,노선군 자체가 실시간 역정보에 없다,2026-09-02
sillim-S401,샛강,신림선,1094,1094000401,샛강,exact,,2026-09-02
sillim-S402,대방,신림선,1094,1094000402,대방,exact,,2026-09-02
sillim-S403,서울지방병무청,신림선,1094,1094000403,서울지방병무청,exact,,2026-09-02
sillim-S404,보라매,신림선,1094,1094000404,보라매,exact,,2026-09-02
sillim-S405,보라매공원,신림선,1094,1094000405,보라매공원,exact,,2026-09-02
sillim-S406,보라매병원,신림선,1094,1094000406,보라매병원,exact,,2026-09-02
sillim-S407,당곡,신림선,1094,1094000407,당곡,exact,,2026-09-02
sillim-S408,신림,신림선,1094,1094000408,신림,exact,,2026-09-02
sillim-S409,서원,신림선,1094,1094000409,서원,exact,,2026-09-02
sillim-S410,서울대벤처타운,신림선,1094,1094000410,서울대벤처타운,exact,,2026-09-02
sillim-S411,관악산,신림선,1094,1094000411,관악산,exact,,2026-09-02
jinjeop-0405,진접역,4호선,,,,no_live_station,진접선 — 역별 실시간 미제공(열차 목적지로만 등장),2026-09-02
jinjeop-0406,오남역,4호선,,,,no_live_station,진접선 — 역별 실시간 미제공,2026-09-02
jinjeop-0408,별내별가람역,4호선,,,,no_live_station,진접선 — 역별 실시간 미제공,2026-09-02
metro8-804,별내역,8호선,1008,1008000804,별내,exact,,2026-09-02
metro8-805,다산역,8호선,1008,1008000805,다산,exact,,2026-09-02
seoul1-0124,청량리(서울시립대입구),1호선,1001,1001000124,청량리,exact,,2026-09-02
seoul1-0125,제기동,1호선,1001,1001000125,제기동,exact,,2026-09-02
seoul1-0126,신설동,1호선,1001,1001000126,신설동,exact,,2026-09-02
seoul1-0127,동묘앞,1호선,1001,1001000127,동묘앞,exact,,2026-09-02
seoul1-0128,동대문,1호선,1001,1001000128,동대문,exact,,2026-09-02
seoul1-0129,종로5가,1호선,1001,1001000129,종로5가,exact,,2026-09-02
seoul1-0130,종로3가,1호선,1001,1001000130,종로3가,exact,,2026-09-02
seoul1-0131,종각,1호선,1001,1001000131,종각,exact,,2026-09-02
seoul1-0132,시청,1호선,1001,1001000132,시청,exact,,2026-09-02
seoul1-0133,서울역,1호선,1001,1001000133,서울,exact,,2026-09-02
seoul2-0201,시청,2호선,1002,1002000201,시청,exact,,2026-09-02
seoul2-0202,을지로입구,2호선,1002,1002000202,을지로입구,exact,,2026-09-02
seoul2-0203,을지로3가,2호선,1002,1002000203,을지로3가,exact,,2026-09-02
seoul2-0204,을지로4가,2호선,1002,1002000204,을지로4가,exact,,2026-09-02
seoul2-0205,동대문역사문화공원(DDP),2호선,1002,1002000205,동대문역사문화공원,exact,,2026-09-02
seoul2-0206,신당,2호선,1002,1002000206,신당,exact,,2026-09-02
seoul2-0207,상왕십리,2호선,1002,1002000207,상왕십리,exact,,2026-09-02
seoul2-0208,왕십리(성동구청),2호선,1002,1002000208,왕십리,exact,,2026-09-02
seoul2-0209,한양대,2호선,1002,1002000209,한양대,exact,,2026-09-02
seoul2-0210,뚝섬,2호선,1002,1002000210,뚝섬,exact,,2026-09-02
seoul2-0211,성수,2호선,1002,1002000211,성수,exact,,2026-09-02
seoul2-0212,건대입구,2호선,1002,1002000212,건대입구,exact,,2026-09-02
seoul2-0213,구의(광진구청),2호선,1002,1002000213,구의,exact,,2026-09-02
seoul2-0214,강변(동서울터미널),2호선,1002,1002000214,강변,exact,,2026-09-02
seoul2-0215,잠실나루,2호선,1002,1002000215,잠실나루,exact,,2026-09-02
seoul2-0216,잠실(송파구청),2호선,1002,1002000216,잠실,exact,,2026-09-02
seoul2-0217,잠실새내,2호선,1002,1002000217,잠실새내,exact,,2026-09-02
seoul2-0218,종합운동장,2호선,1002,1002000218,종합운동장,exact,,2026-09-02
seoul2-0219,삼성(무역센터),2호선,1002,1002000219,삼성,exact,,2026-09-02
seoul2-0220,선릉,2호선,1002,1002000220,선릉,exact,,2026-09-02
seoul2-0221,역삼,2호선,1002,1002000221,역삼,exact,,2026-09-02
seoul2-0222,강남,2호선,1002,1002000222,강남,exact,,2026-09-02
seoul2-0223,교대(법원·검찰청),2호선,1002,1002000223,교대,exact,,2026-09-02
seoul2-0224,서초,2호선,1002,1002000224,서초,exact,,2026-09-02
seoul2-0225,방배,2호선,1002,1002000225,방배,exact,,2026-09-02
seoul2-0226,사당,2호선,1002,1002000226,사당,exact,,2026-09-02
seoul2-0227,낙성대(강감찬),2호선,1002,1002000227,낙성대,exact,,2026-09-02
seoul2-0228,서울대입구(관악구청),2호선,1002,1002000228,서울대입구,exact,,2026-09-02
seoul2-0229,봉천,2호선,1002,1002000229,봉천,exact,,2026-09-02
seoul2-0230,신림,2호선,1002,1002000230,신림,exact,,2026-09-02
seoul2-0231,신대방,2호선,1002,1002000231,신대방,exact,,2026-09-02
seoul2-0232,구로디지털단지,2호선,1002,1002000232,구로디지털단지,exact,,2026-09-02
seoul2-0233,대림(구로구청),2호선,1002,1002000233,대림,exact,,2026-09-02
seoul2-0234,신도림,2호선,1002,1002000234,신도림,exact,,2026-09-02
seoul2-0235,문래,2호선,1002,1002000235,문래,exact,,2026-09-02
seoul2-0236,영등포구청,2호선,1002,1002000236,영등포구청,exact,,2026-09-02
seoul2-0237,당산,2호선,1002,1002000237,당산,exact,,2026-09-02
seoul2-0238,합정,2호선,1002,1002000238,합정,exact,,2026-09-02
seoul2-0239,홍대입구,2호선,1002,1002000239,홍대입구,exact,,2026-09-02
seoul2-0240,신촌(지하),2호선,1002,1002000240,신촌,exact,,2026-09-02
seoul2-0241,이대,2호선,1002,1002000241,이대,exact,,2026-09-02
seoul2-0242,아현,2호선,1002,1002000242,아현,exact,,2026-09-02
seoul2-0243,충정로(경기대입구),2호선,1002,1002000243,충정로,exact,,2026-09-02
seoul3-0319,지축,3호선,1003,1003000319,지축,exact,,2026-09-02
seoul3-0320,구파발,3호선,1003,1003000320,구파발,exact,,2026-09-02
seoul3-0321,연신내,3호선,1003,1003000321,연신내,exact,,2026-09-02
seoul3-0322,불광,3호선,1003,1003000322,불광,exact,,2026-09-02
seoul3-0323,녹번,3호선,1003,1003000323,녹번,exact,,2026-09-02
seoul3-0324,홍제,3호선,1003,1003000324,홍제,exact,,2026-09-02
seoul3-0325,무악재,3호선,1003,1003000325,무악재,exact,,2026-09-02
seoul3-0326,독립문,3호선,1003,1003000326,독립문,exact,,2026-09-02
seoul3-0327,경복궁(정부서울청사),3호선,1003,1003000327,경복궁,exact,,2026-09-02
seoul3-0328,안국,3호선,1003,1003000328,안국,exact,,2026-09-02
seoul3-0329,종로3가,3호선,1003,1003000329,종로3가,exact,,2026-09-02
seoul3-0330,을지로3가,3호선,1003,1003000330,을지로3가,exact,,2026-09-02
seoul3-0331,충무로,3호선,1003,1003000331,충무로,exact,,2026-09-02
seoul3-0332,동대입구,3호선,1003,1003000332,동대입구,exact,,2026-09-02
seoul3-0333,약수,3호선,1003,1003000333,약수,exact,,2026-09-02
seoul3-0334,금호,3호선,1003,1003000334,금호,exact,,2026-09-02
seoul3-0335,옥수,3호선,1003,1003000335,옥수,exact,,2026-09-02
seoul3-0336,압구정,3호선,1003,1003000336,압구정,exact,,2026-09-02
seoul3-0337,신사,3호선,1003,1003000337,신사,exact,,2026-09-02
seoul3-0338,잠원,3호선,1003,1003000338,잠원,exact,,2026-09-02
seoul3-0339,고속터미널,3호선,1003,1003000339,고속터미널,exact,,2026-09-02
seoul3-0340,교대(법원·검찰청),3호선,1003,1003000340,교대,exact,,2026-09-02
seoul3-0341,남부터미널(예술의전당),3호선,1003,1003000341,남부터미널,exact,,2026-09-02
seoul3-0342,양재(서초구청),3호선,1003,1003000342,양재,exact,,2026-09-02
seoul3-0343,매봉,3호선,1003,1003000343,매봉,exact,,2026-09-02
seoul3-0344,도곡,3호선,1003,1003000344,도곡,exact,,2026-09-02
seoul3-0345,대치,3호선,1003,1003000345,대치,exact,,2026-09-02
seoul3-0346,학여울,3호선,1003,1003000346,학여울,exact,,2026-09-02
seoul3-0347,대청,3호선,1003,1003000347,대청,exact,,2026-09-02
seoul3-0348,일원,3호선,1003,1003000348,일원,exact,,2026-09-02
seoul3-0349,수서,3호선,1003,1003000349,수서,exact,,2026-09-02
seoul3-0350,가락시장,3호선,1003,1003000350,가락시장,exact,,2026-09-02
seoul3-0351,경찰병원,3호선,1003,1003000351,경찰병원,exact,,2026-09-02
seoul3-0352,오금,3호선,1003,1003000352,오금,exact,,2026-09-02
seoul4-0409,불암산,4호선,1004,1004000409,불암산,exact,,2026-09-02
seoul4-0410,상계,4호선,1004,1004000410,상계,exact,,2026-09-02
seoul4-0411,노원,4호선,1004,1004000411,노원,exact,,2026-09-02
seoul4-0412,창동,4호선,1004,1004000412,창동,exact,,2026-09-02
seoul4-0413,쌍문,4호선,1004,1004000413,쌍문,exact,,2026-09-02
seoul4-0414,수유(강북구청),4호선,1004,1004000414,수유,exact,,2026-09-02
seoul4-0415,미아(서울사이버대학),4호선,1004,1004000415,미아,exact,,2026-09-02
seoul4-0416,미아사거리,4호선,1004,1004000416,미아사거리,exact,,2026-09-02
seoul4-0417,길음,4호선,1004,1004000417,길음,exact,,2026-09-02
seoul4-0418,성신여대입구(돈암),4호선,1004,1004000418,성신여대입구,exact,,2026-09-02
seoul4-0419,한성대입구(삼선교),4호선,1004,1004000419,한성대입구,exact,,2026-09-02
seoul4-0420,혜화,4호선,1004,1004000420,혜화,exact,,2026-09-02
seoul4-0421,동대문,4호선,1004,1004000421,동대문,exact,,2026-09-02
seoul4-0422,동대문역사문화공원(DDP),4호선,1004,1004000422,동대문역사문화공원,exact,,2026-09-02
seoul4-0423,충무로,4호선,1004,1004000423,충무로,exact,,2026-09-02
seoul4-0424,명동,4호선,1004,1004000424,명동,exact,,2026-09-02
seoul4-0425,회현(남대문시장),4호선,1004,1004000425,회현,exact,,2026-09-02
seoul4-0426,서울역,4호선,1004,1004000426,서울,exact,,2026-09-02
seoul4-0427,숙대입구(갈월),4호선,1004,1004000427,숙대입구,exact,,2026-09-02
seoul4-0428,삼각지(전쟁기념관),4호선,1004,1004000428,삼각지,exact,,2026-09-02
seoul4-0429,신용산,4호선,1004,1004000429,신용산,exact,,2026-09-02
seoul4-0430,이촌(국립중앙박물관),4호선,1004,1004000430,이촌,exact,,2026-09-02
seoul4-0431,동작(현충원),4호선,1004,1004000431,동작,exact,,2026-09-02
seoul4-0432,총신대입구(이수),4호선,1004,1004000432,총신대입구(이수),exact,,2026-09-02
seoul4-0433,사당,4호선,1004,1004000433,사당,exact,,2026-09-02
seoul4-0434,남태령,4호선,1004,1004000434,남태령,exact,,2026-09-02
seoul5-0510,방화,5호선,1005,1005000510,방화,exact,,2026-09-02
seoul5-0511,개화산,5호선,1005,1005000511,개화산,exact,,2026-09-02
seoul5-0512,김포공항,5호선,1005,1005000512,김포공항,exact,,2026-09-02
seoul5-0513,송정,5호선,1005,1005000513,송정,exact,,2026-09-02
seoul5-0514,마곡,5호선,1005,1005000514,마곡,exact,,2026-09-02
seoul5-0515,발산,5호선,1005,1005000515,발산,exact,,2026-09-02
seoul5-0516,우장산,5호선,1005,1005000516,우장산,exact,,2026-09-02
seoul5-0517,화곡,5호선,1005,1005000517,화곡,exact,,2026-09-02
seoul5-0518,까치산,5호선,1005,1005000518,까치산,exact,,2026-09-02
seoul5-0519,신정(은행정),5호선,1005,1005000519,신정(은행정),exact,,2026-09-02
seoul5-0520,목동,5호선,1005,1005000520,목동,exact,,2026-09-02
seoul5-0521,오목교(목동운동장앞),5호선,1005,1005000521,오목교(목동운동장앞),exact,,2026-09-02
seoul5-0522,양평,5호선,1005,1005000522,양평,exact,,2026-09-02
seoul5-0523,영등포구청,5호선,1005,1005000523,영등포구청,exact,,2026-09-02
seoul5-0524,영등포시장,5호선,1005,1005000524,영등포시장,exact,,2026-09-02
seoul5-0525,신길,5호선,1005,1005000525,신길,exact,,2026-09-02
seoul5-0526,여의도,5호선,1005,1005000526,여의도,exact,,2026-09-02
seoul5-0527,여의나루,5호선,1005,1005000527,여의나루,exact,,2026-09-02
seoul5-0528,마포,5호선,1005,1005000528,마포,exact,,2026-09-02
seoul5-0529,공덕,5호선,1005,1005000529,공덕,exact,,2026-09-02
seoul5-0530,애오개,5호선,1005,1005000530,애오개,exact,,2026-09-02
seoul5-0531,충정로(경기대입구),5호선,1005,1005000531,충정로,exact,,2026-09-02
seoul5-0532,서대문,5호선,1005,1005000532,서대문,exact,,2026-09-02
seoul5-0533,광화문(세종문화회관),5호선,1005,1005000533,광화문,exact,,2026-09-02
seoul5-0534,종로3가(탑골공원),5호선,1005,1005000534,종로3가,exact,,2026-09-02
seoul5-0535,을지로4가,5호선,1005,1005000535,을지로4가,exact,,2026-09-02
seoul5-0536,동대문역사문화공원(DDP),5호선,1005,1005000536,동대문역사문화공원,exact,,2026-09-02
seoul5-0537,청구,5호선,1005,1005000537,청구,exact,,2026-09-02
seoul5-0538,신금호,5호선,1005,1005000538,신금호,exact,,2026-09-02
seoul5-0539,행당,5호선,1005,1005000539,행당,exact,,2026-09-02
seoul5-0540,왕십리(성동구청),5호선,1005,1005000540,왕십리,exact,,2026-09-02
seoul5-0541,마장,5호선,1005,1005000541,마장,exact,,2026-09-02
seoul5-0542,답십리,5호선,1005,1005000542,답십리,exact,,2026-09-02
seoul5-0543,장한평,5호선,1005,1005000543,장한평,exact,,2026-09-02
seoul5-0544,군자(능동),5호선,1005,1005000544,군자(능동),exact,,2026-09-02
seoul5-0545,아차산(어린이대공원후문),5호선,1005,1005000545,아차산(어린이대공원후문),exact,,2026-09-02
seoul5-0546,광나루(장신대),5호선,1005,1005000546,광나루(장신대),exact,,2026-09-02
seoul5-0547,천호(풍납토성),5호선,1005,1005000547,천호(풍납토성),exact,,2026-09-02
seoul5-0548,강동,5호선,1005,1005000548,강동,exact,,2026-09-02
seoul5-0549,길동,5호선,1005,1005000549,길동,exact,,2026-09-02
seoul5-0550,굽은다리(강동구민회관앞),5호선,1005,1005000550,굽은다리(강동구민회관앞),exact,,2026-09-02
seoul5-0551,명일,5호선,1005,1005000551,명일,exact,,2026-09-02
seoul5-0552,고덕,5호선,1005,1005000552,고덕,exact,,2026-09-02
seoul5-0553,상일동,5호선,1005,1005000553,상일동,exact,,2026-09-02
seoul5-0554,강일,5호선,1005,1005000554,강일,exact,,2026-09-02
seoul5-0555,미사,5호선,1005,1005000555,미사,exact,,2026-09-02
seoul5-0556,하남풍산,5호선,1005,1005000556,하남풍산,exact,,2026-09-02
seoul5-0557,하남시청(덕풍∙신장),5호선,1005,1005000557,하남시청,exact,,2026-09-02
seoul5-0558,하남검단산,5호선,1005,1005000558,하남검단산,exact,,2026-09-02
seoul6-0610,응암,6호선,1006,1006000610,응암순환(상선),override,6호선 응암순환 — 원천이 방향을 이름에 넣었다,2026-09-02
seoul6-0611,역촌,6호선,1006,1006000611,역촌,exact,,2026-09-02
seoul6-0612,불광,6호선,1006,1006000612,불광,exact,,2026-09-02
seoul6-0613,독바위,6호선,1006,1006000613,독바위,exact,,2026-09-02
seoul6-0614,연신내,6호선,1006,1006000614,연신내,exact,,2026-09-02
seoul6-0615,구산,6호선,1006,1006000615,구산,exact,,2026-09-02
seoul6-0616,새절(신사),6호선,1006,1006000616,새절(신사),exact,,2026-09-02
seoul6-0617,증산(명지대앞),6호선,1006,1006000617,증산(명지대앞),exact,,2026-09-02
seoul6-0618,디지털미디어시티,6호선,1006,1006000618,디지털미디어시티,exact,,2026-09-02
seoul6-0619,월드컵경기장(성산),6호선,1006,1006000619,월드컵경기장(성산),exact,,2026-09-02
seoul6-0620,마포구청,6호선,1006,1006000620,마포구청,exact,,2026-09-02
seoul6-0621,망원,6호선,1006,1006000621,망원,exact,,2026-09-02
seoul6-0622,합정,6호선,1006,1006000622,합정,exact,,2026-09-02
seoul6-0623,상수,6호선,1006,1006000623,상수,exact,,2026-09-02
seoul6-0624,광흥창(서강),6호선,1006,1006000624,광흥창,exact,,2026-09-02
seoul6-0625,대흥(서강대앞),6호선,1006,1006000625,대흥(서강대앞),exact,,2026-09-02
seoul6-0626,공덕,6호선,1006,1006000626,공덕,exact,,2026-09-02
seoul6-0627,효창공원앞,6호선,1006,1006000627,효창공원앞,exact,,2026-09-02
seoul6-0628,삼각지(전쟁기념관),6호선,1006,1006000628,삼각지,exact,,2026-09-02
seoul6-0629,녹사평(용산구청),6호선,1006,1006000629,녹사평,exact,,2026-09-02
seoul6-0630,이태원,6호선,1006,1006000630,이태원,exact,,2026-09-02
seoul6-0631,한강진,6호선,1006,1006000631,한강진,exact,,2026-09-02
seoul6-0632,버티고개,6호선,1006,1006000632,버티고개,exact,,2026-09-02
seoul6-0633,약수,6호선,1006,1006000633,약수,exact,,2026-09-02
seoul6-0634,청구,6호선,1006,1006000634,청구,exact,,2026-09-02
seoul6-0635,신당,6호선,1006,1006000635,신당,exact,,2026-09-02
seoul6-0636,동묘앞,6호선,1006,1006000636,동묘앞,exact,,2026-09-02
seoul6-0637,창신,6호선,1006,1006000637,창신,exact,,2026-09-02
seoul6-0638,보문,6호선,1006,1006000638,보문,exact,,2026-09-02
seoul6-0639,안암(고대병원앞),6호선,1006,1006000639,안암(고대병원앞),exact,,2026-09-02
seoul6-0640,고려대(종암),6호선,1006,1006000640,고려대,exact,,2026-09-02
seoul6-0641,월곡(동덕여대),6호선,1006,1006000641,월곡(동덕여대),exact,,2026-09-02
seoul6-0642,상월곡(한국과학기술연구원),6호선,1006,1006000642,상월곡(한국과학기술연구원),exact,,2026-09-02
seoul6-0643,돌곶이,6호선,1006,1006000643,돌곶이,exact,,2026-09-02
seoul6-0644,석계,6호선,1006,1006000644,석계,exact,,2026-09-02
seoul6-0645,태릉입구,6호선,1006,1006000645,태릉입구,exact,,2026-09-02
seoul6-0646,화랑대(서울여대입구),6호선,1006,1006000646,화랑대(서울여대입구),exact,,2026-09-02
seoul6-0647,봉화산(서울의료원),6호선,1006,1006000647,봉화산,exact,,2026-09-02
seoul6-0648,신내,6호선,1006,1006000648,신내,exact,,2026-09-02
seoul7-0709,장암,7호선,1007,1007000709,장암,exact,,2026-09-02
seoul7-0710,도봉산,7호선,1007,1007000710,도봉산,exact,,2026-09-02
seoul7-0711,수락산,7호선,1007,1007000711,수락산,exact,,2026-09-02
seoul7-0712,마들,7호선,1007,1007000712,마들,exact,,2026-09-02
seoul7-0713,노원,7호선,1007,1007000713,노원,exact,,2026-09-02
seoul7-0714,중계,7호선,1007,1007000714,중계,exact,,2026-09-02
seoul7-0715,하계,7호선,1007,1007000715,하계,exact,,2026-09-02
seoul7-0716,공릉(서울과학기술대),7호선,1007,1007000716,공릉(서울산업대입구),exact,,2026-09-02
seoul7-0717,태릉입구,7호선,1007,1007000717,태릉입구,exact,,2026-09-02
seoul7-0718,먹골,7호선,1007,1007000718,먹골,exact,,2026-09-02
seoul7-0719,중화,7호선,1007,1007000719,중화,exact,,2026-09-02
seoul7-0720,상봉,7호선,1007,1007000720,상봉,exact,,2026-09-02
seoul7-0721,면목,7호선,1007,1007000721,면목,exact,,2026-09-02
seoul7-0722,사가정,7호선,1007,1007000722,사가정,exact,,2026-09-02
seoul7-0723,용마산(용마폭포공원),7호선,1007,1007000723,용마산,exact,,2026-09-02
seoul7-0724,중곡,7호선,1007,1007000724,중곡,exact,,2026-09-02
seoul7-0725,군자(능동),7호선,1007,1007000725,군자(능동),exact,,2026-09-02
seoul7-0726,어린이대공원(세종대),7호선,1007,1007000726,어린이대공원(세종대),exact,,2026-09-02
seoul7-0727,건대입구,7호선,1007,1007000727,건대입구,exact,,2026-09-02
seoul7-0728,자양(뚝섬한강공원),7호선,1007,1007000728,뚝섬유원지,override,실시간이 옛 이름을 쓴다,2026-09-02
seoul7-0729,청담,7호선,1007,1007000729,청담,exact,,2026-09-02
seoul7-0730,강남구청,7호선,1007,1007000730,강남구청,exact,,2026-09-02
seoul7-0731,학동,7호선,1007,1007000731,학동,exact,,2026-09-02
seoul7-0732,논현,7호선,1007,1007000732,논현,exact,,2026-09-02
seoul7-0733,반포,7호선,1007,1007000733,반포,exact,,2026-09-02
seoul7-0734,고속터미널,7호선,1007,1007000734,고속터미널,exact,,2026-09-02
seoul7-0735,내방,7호선,1007,1007000735,내방,exact,,2026-09-02
seoul7-0736,이수,7호선,1007,1007000736,총신대입구(이수),alias,별칭 총신대입구(이수),2026-09-02
seoul7-0737,남성,7호선,1007,1007000737,남성,exact,,2026-09-02
seoul7-0738,숭실대입구(살피재),7호선,1007,1007000738,숭실대입구(살피재),exact,,2026-09-02
seoul7-0739,상도,7호선,1007,1007000739,상도(중앙대앞),exact,,2026-09-02
seoul7-0740,장승배기,7호선,1007,1007000740,장승배기,exact,,2026-09-02
seoul7-0741,신대방삼거리,7호선,1007,1007000741,신대방삼거리,exact,,2026-09-02
seoul7-0742,보라매,7호선,1007,1007000742,보라매,exact,,2026-09-02
seoul7-0743,신풍,7호선,1007,1007000743,신풍,exact,,2026-09-02
seoul7-0744,대림(구로구청),7호선,1007,1007000744,대림,exact,,2026-09-02
seoul7-0745,남구로,7호선,1007,1007000745,남구로,exact,,2026-09-02
seoul7-0746,가산디지털단지,7호선,1007,1007000746,가산디지털단지,exact,,2026-09-02
seoul7-0747,철산,7호선,1007,1007000747,철산,exact,,2026-09-02
seoul7-0748,광명사거리,7호선,1007,1007000748,광명사거리,exact,,2026-09-02
seoul7-0749,천왕,7호선,1007,1007000749,천왕,exact,,2026-09-02
seoul7-0750,온수(성공회대입구),7호선,1007,1007000750,온수,exact,,2026-09-02
seoul8-0809,암사역사공원,8호선,1008,1008000809,암사역사공원,exact,,2026-09-02
seoul8-0810,암사,8호선,1008,1008000810,암사,exact,,2026-09-02
seoul8-0811,천호(풍납토성),8호선,1008,1008000811,천호(풍납토성),exact,,2026-09-02
seoul8-0812,강동구청,8호선,1008,1008000812,강동구청,exact,,2026-09-02
seoul8-0813,몽촌토성(평화의문),8호선,1008,1008000813,몽촌토성(평화의문),exact,,2026-09-02
seoul8-0814,잠실(송파구청),8호선,1008,1008000814,잠실,exact,,2026-09-02
seoul8-0815,석촌,8호선,1008,1008000815,석촌,exact,,2026-09-02
seoul8-0816,송파,8호선,1008,1008000816,송파,exact,,2026-09-02
seoul8-0817,가락시장,8호선,1008,1008000817,가락시장,exact,,2026-09-02
seoul8-0818,문정,8호선,1008,1008000818,문정,exact,,2026-09-02
seoul8-0819,장지,8호선,1008,1008000819,장지,exact,,2026-09-02
seoul8-0820,복정,8호선,1008,1008000820,복정,exact,,2026-09-02
seoul8-0821,남위례,8호선,1008,1008000821,남위례,exact,,2026-09-02
seoul8-0822,산성,8호선,1008,1008000822,산성,exact,,2026-09-02
seoul8-0823,남한산성입구(성남법원·검찰청),8호선,1008,1008000823,"남한산성입구(성남법원,검찰청)",exact,,2026-09-02
seoul8-0824,단대오거리,8호선,1008,1008000824,단대오거리,exact,,2026-09-02
seoul8-0825,신흥,8호선,1008,1008000825,신흥,exact,,2026-09-02
seoul8-0826,수진,8호선,1008,1008000826,수진,exact,,2026-09-02
seoul8-0827,모란,8호선,1008,1008000827,모란,exact,,2026-09-02
seoul2-2111,용답,2호선,1002,1002002111,용답,exact,,2026-09-02
seoul2-2112,신답,2호선,1002,1002002112,신답,exact,,2026-09-02
seoul2-2113,용두(동대문구청),2호선,1002,1002002113,용두,exact,,2026-09-02
seoul2-2114,신설동,2호선,1002,1002002114,신설동,exact,,2026-09-02
seoul2-2341,도림천,2호선,1002,1002002341,도림천,exact,,2026-09-02
seoul2-2342,양천구청,2호선,1002,1002002342,양천구청,exact,,2026-09-02
seoul2-2343,신정네거리,2호선,1002,1002002343,신정네거리,exact,,2026-09-02
seoul5-P549,둔촌동,5호선,1005,1005080549,둔촌동,exact,,2026-09-02
seoul5-P550,올림픽공원(한국체대),5호선,1005,1005080550,올림픽공원(한국체대),exact,,2026-09-02
seoul5-P551,방이,5호선,1005,1005080551,방이,exact,,2026-09-02
seoul5-P552,오금,5호선,1005,1005080552,오금,exact,,2026-09-02
seoul5-P553,개롱,5호선,1005,1005080553,개롱,exact,,2026-09-02
seoul5-P554,거여,5호선,1005,1005080554,거여,exact,,2026-09-02
seoul5-P555,마천,5호선,1005,1005080555,마천,exact,,2026-09-02
metro9-4126,언주,9호선,1009,1009000926,언주,exact,,2026-09-02
metro9-4127,선정릉,9호선,1009,1009000927,선정릉,exact,,2026-09-02
metro9-4128,삼성중앙,9호선,1009,1009000928,삼성중앙,exact,,2026-09-02
metro9-4129,봉은사,9호선,1009,1009000929,봉은사,exact,,2026-09-02
metro9-4130,종합운동장,9호선,1009,1009000930,종합운동장,exact,,2026-09-02
metro9-4131,삼전,9호선,1009,1009000931,삼전,exact,,2026-09-02
metro9-4132,석촌고분,9호선,1009,1009000932,석촌고분,exact,,2026-09-02
metro9-4133,석촌,9호선,1009,1009000933,석촌,exact,,2026-09-02
metro9-4134,송파나루,9호선,1009,1009000934,송파나루,exact,,2026-09-02
metro9-4135,한성백제,9호선,1009,1009000935,한성백제,exact,,2026-09-02
metro9-4136,올림픽공원(한국체대),9호선,1009,1009000936,올림픽공원,exact,,2026-09-02
metro9-4137,둔촌오륜,9호선,1009,1009000937,둔촌오륜,exact,,2026-09-02
metro9-4138,중앙보훈병원,9호선,1009,1009000938,중앙보훈병원,exact,,2026-09-02
seoul9-4101,개화,9호선,1009,1009000901,개화,exact,,2026-09-02
seoul9-4102,김포공항,9호선,1009,1009000902,김포공항,exact,,2026-09-02
seoul9-4103,공항시장,9호선,1009,1009000903,공항시장,exact,,2026-09-02
seoul9-4104,신방화,9호선,1009,1009000904,신방화,exact,,2026-09-02
seoul9-4105,마곡나루(서울식물원),9호선,1009,1009000905,마곡나루,exact,,2026-09-02
seoul9-4106,양천향교,9호선,1009,1009000906,양천향교,exact,,2026-09-02
seoul9-4107,가양,9호선,1009,1009000907,가양,exact,,2026-09-02
seoul9-4108,증미,9호선,1009,1009000908,증미,exact,,2026-09-02
seoul9-4109,등촌,9호선,1009,1009000909,등촌,exact,,2026-09-02
seoul9-4110,염창,9호선,1009,1009000910,염창,exact,,2026-09-02
seoul9-4111,신목동,9호선,1009,1009000911,신목동,exact,,2026-09-02
seoul9-4112,선유도,9호선,1009,1009000912,선유도,exact,,2026-09-02
seoul9-4113,당산,9호선,1009,1009000913,당산,exact,,2026-09-02
seoul9-4114,국회의사당,9호선,1009,1009000914,국회의사당,exact,,2026-09-02
seoul9-4115,여의도,9호선,1009,1009000915,여의도,exact,,2026-09-02
seoul9-4116,샛강,9호선,1009,1009000916,샛강,exact,,2026-09-02
seoul9-4117,노량진,9호선,1009,1009000917,노량진,exact,,2026-09-02
seoul9-4118,노들,9호선,1009,1009000918,노들,exact,,2026-09-02
seoul9-4119,흑석(중앙대입구),9호선,1009,1009000919,흑석,exact,,2026-09-02
seoul9-4120,동작(현충원),9호선,1009,1009000920,동작,exact,,2026-09-02
seoul9-4121,구반포,9호선,1009,1009000921,구반포,exact,,2026-09-02
seoul9-4122,신반포,9호선,1009,1009000922,신반포,exact,,2026-09-02
seoul9-4123,고속터미널,9호선,1009,1009000923,고속터미널,exact,,2026-09-02
seoul9-4124,사평,9호선,1009,1009000924,사평,exact,,2026-09-02
seoul9-4125,신논현,9호선,1009,1009000925,신논현,exact,,2026-09-02
uisinseol-S110,북한산우이,우이신설선,1092,1092004701,북한산우이,exact,,2026-09-02
uisinseol-S111,솔밭공원,우이신설선,1092,1092004702,솔밭공원,exact,,2026-09-02
uisinseol-S112,4.19민주묘지,우이신설선,1092,1092004703,4.19 민주묘지,exact,,2026-09-02
uisinseol-S113,가오리,우이신설선,1092,1092004704,가오리,exact,,2026-09-02
uisinseol-S114,화계,우이신설선,1092,1092004705,화계,exact,,2026-09-02
uisinseol-S115,삼양,우이신설선,1092,1092004706,삼양,exact,,2026-09-02
uisinseol-S116,삼양사거리,우이신설선,1092,1092004707,삼양사거리,exact,,2026-09-02
uisinseol-S117,솔샘,우이신설선,1092,1092004708,솔샘,exact,,2026-09-02
uisinseol-S118,북한산보국문,우이신설선,1092,1092004709,북한산보국문,exact,,2026-09-02
uisinseol-S119,정릉,우이신설선,1092,1092004710,정릉,exact,,2026-09-02
uisinseol-S120,성신여대입구,우이신설선,1092,1092004711,성신여대입구,exact,,2026-09-02
uisinseol-S121,보문,우이신설선,1092,1092004712,보문,exact,,2026-09-02
uisinseol-S122,신설동,우이신설선,1092,1092004713,신설동,exact,,2026-09-02
uijeongbu-U110,발곡,의정부경전철,,,,no_live_line,노선군 자체가 실시간 역정보에 없다,2026-09-02
uijeongbu-U111,회룡,의정부경전철,,,,no_live_line,노선군 자체가 실시간 역정보에 없다,2026-09-02
uijeongbu-U112,범골,의정부경전철,,,,no_live_line,노선군 자체가 실시간 역정보에 없다,2026-09-02
uijeongbu-U113,경전철의정부,의정부경전철,,,,no_live_line,노선군 자체가 실시간 역정보에 없다,2026-09-02
uijeongbu-U114,의정부시청,의정부경전철,,,,no_live_line,노선군 자체가 실시간 역정보에 없다,2026-09-02
uijeongbu-U115,흥선,의정부경전철,,,,no_live_line,노선군 자체가 실시간 역정보에 없다,2026-09-02
uijeongbu-U117,의정부중앙,의정부경전철,,,,no_live_line,노선군 자체가 실시간 역정보에 없다,2026-09-02
uijeongbu-U118,동오,의정부경전철,,,,no_live_line,노선군 자체가 실시간 역정보에 없다,2026-09-02
uijeongbu-U119,새말,의정부경전철,,,,no_live_line,노선군 자체가 실시간 역정보에 없다,2026-09-02
uijeongbu-U120,경기도청북부청사,의정부경전철,,,,no_live_line,노선군 자체가 실시간 역정보에 없다,2026-09-02
uijeongbu-U121,효자,의정부경전철,,,,no_live_line,노선군 자체가 실시간 역정보에 없다,2026-09-02
uijeongbu-U122,곤제,의정부경전철,,,,no_live_line,노선군 자체가 실시간 역정보에 없다,2026-09-02
uijeongbu-U123,어룡,의정부경전철,,,,no_live_line,노선군 자체가 실시간 역정보에 없다,2026-09-02
uijeongbu-U124,송산,의정부경전철,,,,no_live_line,노선군 자체가 실시간 역정보에 없다,2026-09-02
uijeongbu-U125,탑석,의정부경전철,,,,no_live_line,노선군 자체가 실시간 역정보에 없다,2026-09-02
incheon7-3753,까치울,7호선,1007,1007000751,까치울,exact,,2026-09-02
incheon7-3754,부천종합운동장,7호선,1007,1007000752,부천종합운동장,exact,,2026-09-02
incheon7-3755,춘의,7호선,1007,1007000753,춘의,exact,,2026-09-02
incheon7-3756,신중동,7호선,1007,1007000754,신중동,exact,,2026-09-02
incheon7-3757,부천시청,7호선,1007,1007000755,부천시청,exact,,2026-09-02
incheon7-3758,상동,7호선,1007,1007000756,상동,exact,,2026-09-02
gyeongbu-1002,남영역,1호선,1001,1001000134,남영,exact,,2026-09-02
gyeongbu-1003,용산역,1호선,1001,1001000135,용산,exact,,2026-09-02
gyeongwon-1003,용산역,경의중앙선,1063,1063075110,용산,exact,,2026-09-02
gyeongbu-1004,노량진역,1호선,1001,1001000136,노량진,exact,,2026-09-02
gyeongbu-1005,대방역,1호선,1001,1001000137,대방,exact,,2026-09-02
gyeongbu-1006,영등포역,1호선,1001,1001000139,영등포,exact,,2026-09-02
gyeongbu-1007,신도림역,1호선,1001,1001000140,신도림,exact,,2026-09-02
gyeongwon-1008,이촌역,경의중앙선,1063,1063075111,이촌,exact,,2026-09-02
gyeongwon-1009,서빙고역,경의중앙선,1063,1063075112,서빙고,exact,,2026-09-02
gyeongwon-1010,한남역,경의중앙선,1063,1063075113,한남,exact,,2026-09-02
gyeongwon-1011,옥수역,경의중앙선,1063,1063075114,옥수,exact,,2026-09-02
gyeongwon-1012,응봉역,경의중앙선,1063,1063075115,응봉,exact,,2026-09-02
gyeongwon-1013,왕십리역,경의중앙선,1063,1063075116,왕십리,exact,,2026-09-02
bundang-1013,왕십리역,수인분당선,1075,1075075210,왕십리,exact,,2026-09-02
gyeongwon-1014,청량리역,1호선,1001,1001000124,청량리,exact,,2026-09-02
gyeongui-1014,청량리역,경의중앙선,1063,1063075117,청량리,exact,,2026-09-02
gyeongwon-1015,회기역,1호선,1001,1001000123,회기,exact,,2026-09-02
gyeongui-1015,회기역,경의중앙선,1063,1063075118,회기,exact,,2026-09-02
gyeongwon-1016,외대앞역,1호선,1001,1001000122,외대앞,exact,,2026-09-02
gyeongwon-1017,신이문역,1호선,1001,1001000121,신이문,exact,,2026-09-02
gyeongwon-1018,석계역,1호선,1001,1001000120,석계,exact,,2026-09-02
gyeongwon-1019,광운대역,1호선,1001,1001000119,광운대,exact,,2026-09-02
gyeongchun-1019,광운대역,경춘선,1067,1067080119,광운대,exact,,2026-09-02
gyeongwon-1020,월계역,1호선,1001,1001000118,월계,exact,,2026-09-02
gyeongwon-1021,녹천역,1호선,1001,1001000117,녹천,exact,,2026-09-02
gyeongwon-1022,창동역,1호선,1001,1001000116,창동,exact,,2026-09-02
bundang-1023,선릉역,수인분당선,1075,1075075215,선릉,exact,,2026-09-02
bundang-1024,한티역,수인분당선,1075,1075075216,한티,exact,,2026-09-02
bundang-1025,도곡역,수인분당선,1075,1075075217,도곡,exact,,2026-09-02
bundang-1026,구룡역,수인분당선,1075,1075075218,구룡,exact,,2026-09-02
bundang-1027,개포동역,수인분당선,1075,1075075219,개포동,exact,,2026-09-02
bundang-1028,대모산입구역,수인분당선,1075,1075075220,대모산입구,exact,,2026-09-02
bundang-1030,수서역,수인분당선,1075,1075075221,수서,exact,,2026-09-02
bundang-1031,복정역,수인분당선,1075,1075075222,복정,exact,,2026-09-02
gyeongbu-1032,신길역,1호선,1001,1001000138,신길,exact,,2026-09-02
gyeongui-1201,중랑역,경의중앙선,1063,1063075119,중랑,exact,,2026-09-02
gyeongchun-1201,중랑역,경춘선,1067,1067080118,중랑,exact,,2026-09-02
gyeongui-1202,상봉역,경의중앙선,1063,1063075120,상봉,exact,,2026-09-02
gyeongchun-1202,상봉역,경춘선,1067,1067080120,상봉,exact,,2026-09-02
gyeongui-1203,망우역,경의중앙선,1063,1063075121,망우,exact,,2026-09-02
gyeongchun-1203,망우역,경춘선,1067,1067080121,망우,exact,,2026-09-02
gyeongui-1204,양원역,경의중앙선,1063,1063075122,양원,exact,,2026-09-02
gyeongui-1205,구리역,경의중앙선,1063,1063075123,구리,exact,,2026-09-02
gyeongui-1206,도농역,경의중앙선,1063,1063075124,도농,exact,,2026-09-02
gyeongui-1207,양정역,경의중앙선,1063,1063075125,양정,exact,,2026-09-02
gyeongui-1208,덕소역,경의중앙선,1063,1063075126,덕소,exact,,2026-09-02
gyeongui-1209,도심역,경의중앙선,1063,1063075127,도심,exact,,2026-09-02
gyeongui-1210,팔당역,경의중앙선,1063,1063075128,팔당,exact,,2026-09-02
gyeongui-1211,운길산역,경의중앙선,1063,1063075129,운길산,exact,,2026-09-02
gyeongui-1212,양수역,경의중앙선,1063,1063075130,양수,exact,,2026-09-02
gyeongui-1213,신원역,경의중앙선,1063,1063075131,신원,exact,,2026-09-02
gyeongui-1214,국수역,경의중앙선,1063,1063075132,국수,exact,,2026-09-02
gyeongui-1215,아신역,경의중앙선,1063,1063075133,아신,exact,,2026-09-02
gyeongui-1216,오빈역,경의중앙선,1063,1063075134,오빈,exact,,2026-09-02
gyeongui-1217,양평역,경의중앙선,1063,1063075135,양평,exact,,2026-09-02
gyeongui-1218,원덕역,경의중앙선,1063,1063075136,원덕,exact,,2026-09-02
gyeongui-1219,용문역,경의중앙선,1063,1063075137,용문,exact,,2026-09-02
gyeongui-1220,지평역,경의중앙선,1063,1063075138,지평,exact,,2026-09-02
gyeongui-1251,서울역(경의선),경의중앙선,1063,1063080313,서울,exact,,2026-09-02
gyeongui-1252,신촌역,경의중앙선,1063,1063080312,신촌(경의중앙선),exact,,2026-09-02
gyeongui-1261,효창공원앞역,경의중앙선,1063,1063075826,효창공원앞,exact,,2026-09-02
gyeongui-1262,공덕역,경의중앙선,1063,1063075312,공덕,exact,,2026-09-02
gyeongui-1263,서강대역,경의중앙선,1063,1063075313,서강대,exact,,2026-09-02
gyeongui-1264,홍대입구역,경의중앙선,1063,1063075314,홍대입구,exact,,2026-09-02
gyeongui-1265,가좌역,경의중앙선,1063,1063075315,가좌,exact,,2026-09-02
gyeongui-1266,디지털미디어시티역,경의중앙선,1063,1063075316,디지털미디어시티,exact,,2026-09-02
gyeongui-1267,수색역,경의중앙선,1063,1063075317,수색,exact,,2026-09-02
gyeongui-1268,한국항공대,경의중앙선,1063,1063075318,한국항공대,exact,,2026-09-02
gyeongui-1269,강매역,경의중앙선,1063,1063075319,강매,exact,,2026-09-02
gyeongui-1270,행신역,경의중앙선,1063,1063075320,행신,exact,,2026-09-02
gyeongui-1271,능곡역,경의중앙선,1063,1063075321,능곡,exact,,2026-09-02
seohae-1271,능곡역,서해선,1093,1093004006,능곡,exact,,2026-09-02
gyeongui-1272,곡산역,경의중앙선,1063,1063075323,곡산,exact,,2026-09-02
seohae-1272,곡산역,서해선,1093,1093004004,곡산,exact,,2026-09-02
gyeongui-1273,백마역,경의중앙선,1063,1063075324,백마,exact,,2026-09-02
seohae-1273,백마역,서해선,1093,1093004003,백마,exact,,2026-09-02
gyeongui-1274,풍산역,경의중앙선,1063,1063075325,풍산,exact,,2026-09-02
seohae-1274,풍산역,서해선,1093,1093004002,풍산,exact,,2026-09-02
gyeongui-1275,일산역,경의중앙선,1063,1063075326,일산,exact,,2026-09-02
seohae-1275,일산역,서해선,1093,1093004001,일산,exact,,2026-09-02
gyeongui-1276,탄현역,경의중앙선,1063,1063075327,탄현,exact,,2026-09-02
gyeongui-1277,야당역,경의중앙선,1063,1063075328,야당,exact,,2026-09-02
gyeongui-1278,운정역,경의중앙선,1063,1063075329,운정,exact,,2026-09-02
gyeongui-1279,금릉역,경의중앙선,1063,1063075330,금릉,exact,,2026-09-02
gyeongui-1280,금촌역,경의중앙선,1063,1063075331,금촌,exact,,2026-09-02
gyeongui-1282,월롱역,경의중앙선,1063,1063075333,월롱,exact,,2026-09-02
gyeongui-1283,파주역,경의중앙선,1063,1063075334,파주,exact,,2026-09-02
gyeongui-1284,문산역,경의중앙선,1063,1063075335,문산,exact,,2026-09-02
gyeongui-1285,임진강역,경의중앙선,1063,1063075337,임진강,exact,,2026-09-02
gyeongui-1286,운천역,경의중앙선,1063,1063075336,운천,exact,,2026-09-02
gyeongchun-1311,신내역,경춘선,1067,1067080122,신내,exact,,2026-09-02
gyeongchun-1312,갈매역,경춘선,1067,1067080123,갈매,exact,,2026-09-02
gyeongchun-1313,별내역,경춘선,1067,1067080124,별내,exact,,2026-09-02
gyeongchun-1314,퇴계원역,경춘선,1067,1067080125,퇴계원,exact,,2026-09-02
gyeongchun-1315,사릉역,경춘선,1067,1067080126,사릉,exact,,2026-09-02
gyeongchun-1316,금곡역,경춘선,1067,1067080127,금곡,exact,,2026-09-02
gyeongchun-1317,평내호평역,경춘선,1067,1067080128,평내호평,exact,,2026-09-02
gyeongchun-1318,천마산역,경춘선,1067,1067080129,천마산,exact,,2026-09-02
gyeongchun-1319,마석역,경춘선,1067,1067080130,마석,exact,,2026-09-02
gyeongchun-1320,대성리역,경춘선,1067,1067080131,대성리,exact,,2026-09-02
gyeongchun-1321,청평역,경춘선,1067,1067080132,청평,exact,,2026-09-02
gyeongchun-1322,상천역,경춘선,1067,1067080133,상천,exact,,2026-09-02
gyeongchun-1323,가평역,경춘선,1067,1067080134,가평,exact,,2026-09-02
ansangwacheon-1450,선바위역,4호선,1004,1004000435,선바위,exact,,2026-09-02
ansangwacheon-1451,경마공원역,4호선,1004,1004000436,경마공원,exact,,2026-09-02
ansangwacheon-1452,대공원역,4호선,1004,1004000437,대공원,exact,,2026-09-02
ansangwacheon-1453,과천역,4호선,1004,1004000438,과천,exact,,2026-09-02
ansangwacheon-1454,정부과천청사역,4호선,1004,1004000439,정부과천청사,exact,,2026-09-02
ansangwacheon-1455,인덕원역,4호선,1004,1004000440,인덕원,exact,,2026-09-02
ansangwacheon-1456,평촌역,4호선,1004,1004000441,평촌,exact,,2026-09-02
ansangwacheon-1457,범계역,4호선,1004,1004000442,범계,exact,,2026-09-02
gyeonggang-1501,판교역,경강선,1081,1081037409,판교,exact,,2026-09-02
gyeonggang-1502,이매역,경강선,1081,1081037411,이매,exact,,2026-09-02
gyeonggang-1503,삼동역,경강선,1081,1081037412,삼동,exact,,2026-09-02
gyeonggang-1504,경기광주역,경강선,1081,1081037413,경기광주,exact,,2026-09-02
gyeonggang-1505,초월역,경강선,1081,1081037414,초월,exact,,2026-09-02
gyeonggang-1506,곤지암역,경강선,1081,1081037415,곤지암,exact,,2026-09-02
gyeonggang-1507,신둔도예촌역,경강선,1081,1081037416,신둔도예촌,exact,,2026-09-02
gyeonggang-1508,이천역,경강선,1081,1081037417,이천,exact,,2026-09-02
gyeonggang-1509,부발역,경강선,1081,1081037418,부발,exact,,2026-09-02
gyeonggang-1510,세종대왕릉역,경강선,1081,1081037419,세종왕릉,override,실시간이 축약 표기를 쓴다,2026-09-02
gyeonggang-1511,여주역,경강선,1081,1081037420,여주,exact,,2026-09-02
gyeonggang-1512,성남역,경강선,1081,1081037410,성남,exact,,2026-09-02
gyeongbu-1701,구로역,1호선,1001,1001000141,구로,exact,,2026-09-02
gyeongbu-1702,가산디지털단지역,1호선,1001,1001080142,가산디지털단지,exact,,2026-09-02
gyeongbu-1703,금천구청역,1호선,1001,1001080144,금천구청,exact,,2026-09-02
gyeongbu-1704,석수역,1호선,1001,1001080145,석수,exact,,2026-09-02
gyeongbu-1705,관악역,1호선,1001,1001080146,관악,exact,,2026-09-02
gyeongbu-1706,안양역,1호선,1001,1001080147,안양,exact,,2026-09-02
gyeongbu-1707,명학역,1호선,1001,1001080148,명학,exact,,2026-09-02
gyeongbu-1708,금정역,1호선,1001,1001080149,금정,exact,,2026-09-02
ansangwacheon-1708,금정역,4호선,1004,1004000443,금정,exact,,2026-09-02
gyeongbu-1709,군포역,1호선,1001,1001080150,군포,exact,,2026-09-02
gyeongbu-1710,의왕역,1호선,1001,1001080152,의왕,exact,,2026-09-02
gyeongbu-1711,성균관대역,1호선,1001,1001080153,성균관대,exact,,2026-09-02
gyeongbu-1712,화서역,1호선,1001,1001080154,화서,exact,,2026-09-02
gyeongbu-1713,수원역,1호선,1001,1001080155,수원,exact,,2026-09-02
gyeongbu-1714,독산역,1호선,1001,1001080143,독산,exact,,2026-09-02
gyeongbu-1715,세류역,1호선,1001,1001080156,세류,exact,,2026-09-02
gyeongbu-1716,병점역,1호선,1001,1001080157,병점,exact,,2026-09-02
gyeongbu-1717,세마역,1호선,1001,1001080158,세마,exact,,2026-09-02
gyeongbu-1718,오산대역,1호선,1001,1001080159,오산대,exact,,2026-09-02
gyeongbu-1719,오산역,1호선,1001,1001080160,오산,exact,,2026-09-02
gyeongbu-1720,진위역,1호선,1001,1001080161,진위,exact,,2026-09-02
gyeongbu-1721,송탄역,1호선,1001,1001080162,송탄,exact,,2026-09-02
gyeongbu-1722,서정리역,1호선,1001,1001080163,서정리,exact,,2026-09-02
gyeongbu-1723,평택지제역,1호선,1001,1001080164,지제,override,실시간이 개명 전 이름을 쓴다,2026-09-02
gyeongbu-1724,평택역,1호선,1001,1001080165,평택,exact,,2026-09-02
gyeongbu-1729,당정역,1호선,1001,1001080151,당정,exact,,2026-09-02
gyeongbu-1749,서동탄역,1호선,1001,1001801571,서동탄,exact,,2026-09-02
gyeongbu-1750,광명역,1호선,1001,1001075410,광명,exact,,2026-09-02
ansangwacheon-1751,산본역,4호선,1004,1004000444,산본,exact,,2026-09-02
ansangwacheon-1752,대야미역,4호선,1004,1004000446,대야미,exact,,2026-09-02
ansangwacheon-1753,반월역,4호선,1004,1004000447,반월,exact,,2026-09-02
ansangwacheon-1754,상록수역,4호선,1004,1004000448,상록수,exact,,2026-09-02
suin-1755,한대앞역,수인분당선,1075,1075075251,한대앞,exact,,2026-09-02
ansangwacheon-1755,한대앞역,4호선,1004,1004000449,한대앞,exact,,2026-09-02
suin-1756,중앙역,수인분당선,1075,1075075252,중앙,exact,,2026-09-02
ansangwacheon-1756,중앙역,4호선,1004,1004000450,중앙,exact,,2026-09-02
suin-1757,고잔역,수인분당선,1075,1075075253,고잔,exact,,2026-09-02
ansangwacheon-1757,고잔역,4호선,1004,1004000451,고잔,exact,,2026-09-02
suin-1758,초지역,수인분당선,1075,1075075254,초지,exact,,2026-09-02
ansangwacheon-1758,초지역,4호선,1004,1004000452,초지,exact,,2026-09-02
suin-1759,안산역,수인분당선,1075,1075075255,안산,exact,,2026-09-02
ansangwacheon-1759,안산역,4호선,1004,1004000453,안산,exact,,2026-09-02
suin-1760,능길역,수인분당선,1075,1075075256,신길온천,override,실시간이 옛 이름을 쓴다,2026-09-02
ansangwacheon-1760,능길역,4호선,1004,1004000454,신길온천,override,같은 역의 4호선 행,2026-09-02
suin-1761,정왕역,수인분당선,1075,1075075257,정왕,exact,,2026-09-02
ansangwacheon-1761,정왕역,4호선,1004,1004000455,정왕,exact,,2026-09-02
suin-1762,오이도역,수인분당선,1075,1075075258,오이도,exact,,2026-09-02
ansangwacheon-1762,오이도역,4호선,1004,1004000456,오이도,exact,,2026-09-02
ansangwacheon-1763,수리산역,4호선,1004,1004000445,수리산,exact,,2026-09-02
gyeongin-1801,개봉역,1호선,1001,1001000143,개봉,exact,,2026-09-02
gyeongin-1802,오류동역,1호선,1001,1001000144,오류동,exact,,2026-09-02
gyeongin-1803,역곡역,1호선,1001,1001000146,역곡,exact,,2026-09-02
gyeongin-1804,부천역,1호선,1001,1001000148,부천,exact,,2026-09-02
gyeongin-1805,송내역,1호선,1001,1001000150,송내,exact,,2026-09-02
gyeongin-1813,구일역,1호선,1001,1001000142,구일,exact,,2026-09-02
gyeongin-1821,온수역,1호선,1001,1001000145,온수,exact,,2026-09-02
gyeongin-1822,중동역,1호선,1001,1001000149,중동,exact,,2026-09-02
bundang-1846,수원역(분당),수인분당선,1075,1075075245,수원,exact,,2026-09-02
bundang-1847,서울숲역,수인분당선,1075,1075075211,서울숲,exact,,2026-09-02
bundang-1848,압구정로데오역,수인분당선,1075,1075075212,압구정로데오,exact,,2026-09-02
bundang-1849,강남구청역,수인분당선,1075,1075075213,강남구청,exact,,2026-09-02
bundang-1850,선정릉역,수인분당선,1075,1075075214,선정릉,exact,,2026-09-02
bundang-1851,가천대역,수인분당선,1075,1075075223,가천대,exact,,2026-09-02
bundang-1852,태평역,수인분당선,1075,1075075224,태평,exact,,2026-09-02
bundang-1853,모란역,수인분당선,1075,1075075225,모란,exact,,2026-09-02
bundang-1854,야탑역,수인분당선,1075,1075075226,야탑,exact,,2026-09-02
bundang-1855,서현역,수인분당선,1075,1075075228,서현,exact,,2026-09-02
bundang-1856,수내역,수인분당선,1075,1075075229,수내,exact,,2026-09-02
bundang-1857,정자역,수인분당선,1075,1075075230,정자,exact,,2026-09-02
bundang-1858,미금역,수인분당선,1075,1075075231,미금,exact,,2026-09-02
bundang-1859,오리역,수인분당선,1075,1075075232,오리,exact,,2026-09-02
bundang-1860,이매역,수인분당선,1075,1075075227,이매,exact,,2026-09-02
bundang-1861,보정역,수인분당선,1075,1075075234,보정,exact,,2026-09-02
bundang-1862,죽전역,수인분당선,1075,1075075233,죽전,exact,,2026-09-02
bundang-1863,구성역,수인분당선,1075,1075075235,구성,exact,,2026-09-02
bundang-1864,신갈역,수인분당선,1075,1075075236,신갈,exact,,2026-09-02
bundang-1865,기흥역,수인분당선,1075,1075075237,기흥,exact,,2026-09-02
bundang-1866,상갈역,수인분당선,1075,1075075238,상갈,exact,,2026-09-02
bundang-1867,청명역,수인분당선,1075,1075075239,청명,exact,,2026-09-02
bundang-1868,영통역,수인분당선,1075,1075075240,영통,exact,,2026-09-02
bundang-1869,망포역,수인분당선,1075,1075075241,망포,exact,,2026-09-02
bundang-1870,매탄권선역,수인분당선,1075,1075075242,매탄권선,exact,,2026-09-02
bundang-1871,수원시청역,수인분당선,1075,1075075243,수원시청,exact,,2026-09-02
bundang-1872,매교역,수인분당선,1075,1075075244,매교,exact,,2026-09-02
suin-1873,고색역,수인분당선,1075,1075075246,고색,exact,,2026-09-02
suin-1874,오목천역,수인분당선,1075,1075075247,오목천,exact,,2026-09-02
suin-1875,어천역,수인분당선,1075,1075075248,어천,exact,,2026-09-02
suin-1876,야목역,수인분당선,1075,1075075249,야목,exact,,2026-09-02
suin-1877,사리역,수인분당선,1075,1075075250,사리,exact,,2026-09-02
suin-1878,달월역,수인분당선,1075,1075075259,달월,exact,,2026-09-02
suin-1879,월곶역,수인분당선,1075,1075075260,월곶,exact,,2026-09-02
gyeongwon-1901,방학역,1호선,1001,1001000115,방학,exact,,2026-09-02
gyeongwon-1902,도봉역,1호선,1001,1001000114,도봉,exact,,2026-09-02
gyeongwon-1903,도봉산역,1호선,1001,1001000113,도봉산,exact,,2026-09-02
gyeongwon-1904,망월사역,1호선,1001,1001000112,망월사,exact,,2026-09-02
gyeongwon-1905,회룡역,1호선,1001,1001000111,회룡,exact,,2026-09-02
gyeongwon-1906,의정부역,1호선,1001,1001000110,의정부,exact,,2026-09-02
gyeongwon-1907,가능역,1호선,1001,1001000109,가능,exact,,2026-09-02
gyeongwon-1908,녹양역,1호선,1001,1001000108,녹양,exact,,2026-09-02
gyeongwon-1909,양주역,1호선,1001,1001000107,양주,exact,,2026-09-02
gyeongwon-1910,덕계역,1호선,1001,1001000106,덕계,exact,,2026-09-02
gyeongwon-1911,덕정역,1호선,1001,1001000105,덕정,exact,,2026-09-02
gyeongwon-1912,지행역,1호선,1001,1001000104,지행,exact,,2026-09-02
gyeongwon-1913,동두천중앙역,1호선,1001,1001000103,동두천중앙,exact,,2026-09-02
gyeongwon-1914,보산역,1호선,1001,1001000102,보산,exact,,2026-09-02
gyeongwon-1915,동두천역,1호선,1001,1001000101,동두천,exact,,2026-09-02
gyeongwon-1916,소요산역,1호선,1001,1001000100,소요산,exact,,2026-09-02
gyeongwon-1917,청산역,1호선,1001,1001001001,청산,exact,,2026-09-02
gyeongwon-1918,전곡역,1호선,1001,1001001002,전곡,exact,,2026-09-02
gyeongwon-1919,연천역,1호선,1001,1001001003,연천,exact,,2026-09-02
ilsan-1948,원흥역,3호선,1003,1003000317,원흥,exact,,2026-09-02
ilsan-1949,지축역,3호선,1003,1003000319,지축,exact,,2026-09-02
ilsan-1950,삼송역,3호선,1003,1003000318,삼송,exact,,2026-09-02
ilsan-1951,원당역,3호선,1003,1003000316,원당,exact,,2026-09-02
ilsan-1952,화정역,3호선,1003,1003000315,화정,exact,,2026-09-02
gyeongui-1953,대곡역,경의중앙선,1063,1063075322,대곡,exact,,2026-09-02
seohae-1953,대곡역,서해선,1093,1093004005,대곡,exact,,2026-09-02
ilsan-1953,대곡역,3호선,1003,1003000314,대곡,exact,,2026-09-02
ilsan-1954,백석역,3호선,1003,1003000313,백석,exact,,2026-09-02
ilsan-1955,마두역,3호선,1003,1003000312,마두,exact,,2026-09-02
ilsan-1956,정발산역,3호선,1003,1003000311,정발산,exact,,2026-09-02
ilsan-1957,주엽역,3호선,1003,1003000310,주엽,exact,,2026-09-02
ilsan-1958,대화역,3호선,1003,1003000309,대화,exact,,2026-09-02
seohae-1980,김포공항역,서해선,1093,1093004007,김포공항,exact,,2026-09-02
seohae-1981,원종역,서해선,1093,1093004008,원종,exact,,2026-09-02
seohae-1982,부천종합운동장역,서해선,1093,1093004009,부천종합운동장,exact,,2026-09-02
gyeongin-4804,소사역,1호선,1001,1001000147,소사,exact,,2026-09-02
seohae-4804,소사역,서해선,1093,1093004010,소사,exact,,2026-09-02
seohae-4805,소새울역,서해선,1093,1093004011,소새울,exact,,2026-09-02
seohae-4806,시흥대야역,서해선,1093,1093004012,시흥대야,exact,,2026-09-02
seohae-4807,신천역,서해선,1093,1093004013,신천,exact,,2026-09-02
seohae-4808,신현역,서해선,1093,1093004014,신현,exact,,2026-09-02
seohae-4809,시흥시청역,서해선,1093,1093004016,시흥시청,exact,,2026-09-02
seohae-4810,시흥능곡역,서해선,1093,1093004017,시흥능곡,exact,,2026-09-02
seohae-4811,달미역,서해선,1093,1093004018,달미,exact,,2026-09-02
seohae-4812,선부역,서해선,1093,1093004019,선부,exact,,2026-09-02
seohae-4813,초지역,서해선,1093,1093004020,초지,exact,,2026-09-02
seohae-4814,시우역,서해선,1093,1093004021,시우,exact,,2026-09-02
seohae-4815,원시역,서해선,1093,1093004022,원시,exact,,2026-09-02
gtxa-N01,운정중앙,GTX-A,1032,1032000346,운정중앙,exact,,2026-09-02
gtxa-N02,킨텍스,GTX-A,1032,1032000347,킨텍스,exact,,2026-09-02
gtxa-N03,대곡,GTX-A,1032,1032000348,대곡,exact,,2026-09-02
gtxa-N04,연신내,GTX-A,1032,1032000350,연신내,exact,,2026-09-02
gtxa-N05,서울역,GTX-A,1032,1032000351,서울,exact,,2026-09-02
gtxa-X108,수서,GTX-A,1032,1032000353,수서,exact,,2026-09-02
gtxa-X109,성남,GTX-A,1032,1032000354,성남,exact,,2026-09-02
gtxa-X110,구성,GTX-A,1032,1032000355,구성,exact,,2026-09-02
gtxa-X111,동탄,GTX-A,1032,1032000356,동탄,exact,,2026-09-02
